geoid,name,median,male,female,county,county subdivision,state
3718792968,"Skinnersville township, Washington County, North Carolina",60.2,46.2,60.4,187,92968,37
3718792540,"Plymouth township, Washington County, North Carolina",43.2,39.5,44.8,187,92540,37
3718792876,"Scuppernong township, Washington County, North Carolina",46.6,45.0,46.7,187,92876,37
3718791768,"Lees Mill township, Washington County, North Carolina",38.3,38.4,38.0,187,91768,37
3702990784,"Courthouse township, Camden County, North Carolina",39.1,37.9,41.5,029,90784,37
3702992920,"Shiloh township, Camden County, North Carolina",43.6,44.6,41.7,029,92920,37
3702993044,"South Mills township, Camden County, North Carolina",40.3,41.4,40.2,029,93044,37
3704393192,"Sweetwater township, Clay County, North Carolina",49.7,50.9,49.3,043,93192,37
3704392944,"Shooting Creek township, Clay County, North Carolina",49.9,52.0,43.9,043,92944,37
3704393792,"Tusquittee township, Clay County, North Carolina",64.6,68.1,64.4,043,93792,37
3704390360,"Brasstown township, Clay County, North Carolina",48.1,48.1,50.1,043,90360,37
3704391436,"Hayesville township, Clay County, North Carolina",47.6,39.7,54.4,043,91436,37
3705190288,"Black River township, Cumberland County, North Carolina",39.0,38.8,39.3,051,90288,37
3705190968,"Eastover township, Cumberland County, North Carolina",38.1,33.7,42.6,051,90968,37
3705190832,"Cross Creek township, Cumberland County, North Carolina",34.2,31.4,36.7,051,90832,37
3705192724,"Rockfish township, Cumberland County, North Carolina",34.0,31.7,35.6,051,92724,37
3705192892,"Seventy-First township, Cumberland County, North Carolina",29.3,27.8,31.2,051,92892,37
3705191296,"Grays Creek township, Cumberland County, North Carolina",39.6,36.4,42.2,051,91296,37
3705190192,"Beaver Dam township, Cumberland County, North Carolina",35.5,31.4,36.1,051,90192,37
3705192460,"Pearces Mill township, Cumberland County, North Carolina",30.9,29.4,32.6,051,92460,37
3705190532,"Carvers Creek township, Cumberland County, North Carolina",34.6,34.4,34.9,051,90532,37
3705191964,"Manchester township, Cumberland County, North Carolina",23.8,23.3,25.0,051,91964,37
3705190572,"Cedar Creek township, Cumberland County, North Carolina",39.3,39.7,39.0,051,90572,37
3707193048,"South Point township, Gaston County, North Carolina",40.4,37.7,42.9,071,93048,37
3707190844,"Crowders Mountain township, Gaston County, North Carolina",41.1,41.8,40.4,071,90844,37
3707191216,"Gastonia township, Gaston County, North Carolina",38.6,36.8,40.3,071,91216,37
3701192090,"Minneapolis township, Avery County, North Carolina",39.8,39.7,43.1,011,92090,37
3701190148,"Banner Elk township, Avery County, North Carolina",35.5,35.7,33.9,011,90148,37
3701190510,"Carey's Flat township, Avery County, North Carolina",68.9,46.9,-666666666.0,011,90510,37
3701192708,"Roaring Creek township, Avery County, North Carolina",43.3,45.1,42.4,011,92708,37
3701192586,"Pyatte township, Avery County, North Carolina",41.8,41.5,50.3,011,92586,37
3701191826,"Linville township, Avery County, North Carolina",52.1,52.8,39.8,011,91826,37
3701192502,"Pineola township, Avery County, North Carolina",51.4,52.0,48.4,011,92502,37
3701190052,"Altamont township, Avery County, North Carolina",41.4,34.3,43.2,011,90052,37
3701191558,"Hughes township, Avery County, North Carolina",41.5,35.2,43.8,011,91558,37
3701191154,"Frank township, Avery County, North Carolina",47.4,46.5,47.9,011,91154,37
3701190812,"Cranberry township, Avery County, North Carolina",48.5,40.7,48.8,011,90812,37
3701190212,"Beech Mountain township, Avery County, North Carolina",59.0,60.5,58.3,011,90212,37
3701191442,"Heaton township, Avery County, North Carolina",61.3,60.5,72.7,011,91442,37
3702191932,"Lower Hominy township, Buncombe County, North Carolina",42.3,41.6,43.2,021,91932,37
3702192648,"Reems Creek township, Buncombe County, North Carolina",50.0,45.5,53.0,021,92648,37
3702191776,"Leicester township, Buncombe County, North Carolina",41.0,40.9,41.1,021,91776,37
3702191176,"French Broad township, Buncombe County, North Carolina",44.5,43.0,48.0,021,91176,37
3702191604,"Ivy township, Buncombe County, North Carolina",44.8,39.8,47.6,021,91604,37
3702191816,"Limestone township, Buncombe County, North Carolina",45.3,45.9,44.7,021,91816,37
3702193840,"Upper Hominy township, Buncombe County, North Carolina",41.1,40.2,42.7,021,93840,37
3702190108,"Avery Creek township, Buncombe County, North Carolina",48.5,48.4,49.0,021,90108,37
3702190380,"Broad River township, Buncombe County, North Carolina",51.4,45.9,56.2,021,90380,37
3702191056,"Fairview township, Buncombe County, North Carolina",43.6,43.6,43.6,021,91056,37
3702192832,"Sandy Mush township, Buncombe County, North Carolina",42.1,42.5,39.3,021,92832,37
3705991660,"Jerusalem township, Davie County, North Carolina",43.0,39.4,47.3,059,91660,37
3705991192,"Fulton township, Davie County, North Carolina",45.7,44.0,50.4,059,91192,37
3705992100,"Mocksville township, Davie County, North Carolina",42.1,41.2,42.7,059,92100,37
3705990472,"Calahaln township, Davie County, North Carolina",43.6,51.0,40.2,059,90472,37
3705991080,"Farmington township, Davie County, North Carolina",47.9,46.2,49.1,059,91080,37
3705992896,"Shady Grove township, Davie County, North Carolina",47.0,47.3,46.7,059,92896,37
3705793796,"Tyro township, Davidson County, North Carolina",41.1,37.8,44.7,057,93796,37
3714992816,"Saluda township, Polk County, North Carolina",49.3,52.2,44.9,149,92816,37
3714990740,"Columbus township, Polk County, North Carolina",53.2,49.8,55.7,149,90740,37
3714993980,"White Oak township, Polk County, North Carolina",46.6,46.4,46.9,149,93980,37
3714993776,"Tryon township, Polk County, North Carolina",59.1,58.5,60.1,149,93776,37
3714990772,"Cooper Gap township, Polk County, North Carolina",48.0,44.0,48.0,149,90772,37
3715191800,"Liberty township, Randolph County, North Carolina",44.4,45.6,43.7,151,91800,37
3715192532,"Pleasant Grove township, Randolph County, North Carolina",61.7,57.5,64.5,151,92532,37
3715190084,"Asheboro township, Randolph County, North Carolina",40.5,39.6,42.7,151,90084,37
3715193808,"Union township, Randolph County, North Carolina",41.2,43.7,37.3,151,93808,37
3715190716,"Coleridge township, Randolph County, North Carolina",29.8,29.0,33.3,151,90716,37
3715192268,"New Market township, Randolph County, North Carolina",44.6,45.0,43.3,151,92268,37
3715193768,"Trinity township, Randolph County, North Carolina",43.3,43.1,43.5,151,93768,37
3715190584,"Cedar Grove township, Randolph County, North Carolina",38.7,34.8,42.6,151,90584,37
3715190748,"Concord township, Randolph County, North Carolina",44.8,41.6,47.2,151,90748,37
3715191172,"Franklinville township, Randolph County, North Carolina",32.7,32.9,31.7,151,91172,37
3715190388,"Brower township, Randolph County, North Carolina",47.6,43.9,48.4,151,90388,37
3715190732,"Columbia township, Randolph County, North Carolina",40.8,40.3,42.1,151,90732,37
3715192580,"Providence township, Randolph County, North Carolina",43.5,44.1,43.1,151,92580,37
3715192668,"Richland township, Randolph County, North Carolina",34.9,32.5,42.0,151,92668,37
3715190116,"Back Creek township, Randolph County, North Carolina",46.5,45.3,47.4,151,90116,37
3715191784,"Level Cross township, Randolph County, North Carolina",45.5,42.7,47.4,151,91784,37
3715192252,"New Hope township, Randolph County, North Carolina",42.2,42.7,39.5,151,92252,37
3715191276,"Grant township, Randolph County, North Carolina",42.1,42.9,40.7,151,91276,37
3715192620,"Randleman township, Randolph County, North Carolina",38.8,38.6,38.9,151,92620,37
3715193208,"Tabernacle township, Randolph County, North Carolina",41.9,42.4,41.8,151,93208,37
3715791564,"Huntsville township, Rockingham County, North Carolina",43.6,47.2,42.4,157,91564,37
3715791752,"Leaksville township, Rockingham County, North Carolina",41.0,38.5,44.1,157,91752,37
3715792232,"New Bethel township, Rockingham County, North Carolina",46.4,46.7,46.2,157,92232,37
3715792568,"Price township, Rockingham County, North Carolina",42.0,41.4,43.3,157,92568,37
3715792960,"Simpsonville township, Rockingham County, North Carolina",42.5,41.6,43.4,157,92960,37
3715793936,"Wentworth township, Rockingham County, North Carolina",45.5,42.8,47.5,157,93936,37
3715792020,"Mayo township, Rockingham County, North Carolina",44.8,44.3,45.2,157,92020,37
3715792652,"Reidsville township, Rockingham County, North Carolina",45.4,44.5,46.6,157,92652,37
3715791956,"Madison township, Rockingham County, North Carolina",45.6,44.9,46.4,157,91956,37
3715794032,"Williamsburg township, Rockingham County, North Carolina",41.4,38.9,45.1,157,94032,37
3715792772,"Ruffin township, Rockingham County, North Carolina",44.7,42.3,46.9,157,92772,37
3716990876,"Danbury township, Stokes County, North Carolina",48.9,46.2,56.2,169,90876,37
3716994108,"Yadkin township, Stokes County, North Carolina",42.8,41.3,43.6,169,94108,37
3716990208,"Beaver Island township, Stokes County, North Carolina",43.8,42.8,44.0,169,90208,37
3716992852,"Sauratown township, Stokes County, North Carolina",49.6,48.6,51.3,169,92852,37
3716990260,"Big Creek township, Stokes County, North Carolina",54.4,51.6,58.1,169,90260,37
3716992028,"Meadows township, Stokes County, North Carolina",44.9,46.7,44.1,169,92028,37
3716992588,"Quaker Gap township, Stokes County, North Carolina",45.8,44.9,47.0,169,92588,37
3716992480,"Peters Creek township, Stokes County, North Carolina",46.9,45.7,48.0,169,92480,37
3716993016,"Snow Creek township, Stokes County, North Carolina",49.1,47.5,50.5,169,93016,37
3716593080,"Spring Hill township, Scotland County, North Carolina",40.1,34.6,44.1,165,93080,37
3716594036,"Williamson township, Scotland County, North Carolina",41.9,41.8,42.0,165,94036,37
3716591748,"Laurel Hill township, Scotland County, North Carolina",40.9,39.8,40.9,165,91748,37
3716593132,"Stewartsville township, Scotland County, North Carolina",37.5,36.3,39.2,165,93132,37
3718992320,"North Fork township, Watauga County, North Carolina",41.0,45.2,39.8,189,92320,37
3707190872,"Dallas township, Gaston County, North Carolina",41.0,41.4,40.4,071,90872,37
3707192692,"Riverbend township, Gaston County, North Carolina",40.3,39.5,41.1,071,92692,37
3707190644,"Cherryville township, Gaston County, North Carolina",42.2,40.3,44.5,071,90644,37
3708191952,"Madison township, Guilford County, North Carolina",48.5,46.2,49.6,081,91952,37
3708190672,"Clay township, Guilford County, North Carolina",45.9,44.3,46.9,081,90672,37
3708190896,"Deep River township, Guilford County, North Carolina",41.3,41.1,41.5,081,90896,37
3708191304,"Greene township, Guilford County, North Carolina",46.4,44.7,48.1,081,91304,37
3708191228,"Gilmer township, Guilford County, North Carolina",32.4,29.8,34.4,081,91228,37
3708192104,"Monroe township, Guilford County, North Carolina",37.2,39.3,35.5,081,92104,37
3708191096,"Fentress township, Guilford County, North Carolina",47.7,45.8,49.4,081,91096,37
3708193176,"Sumner township, Guilford County, North Carolina",41.5,38.9,44.1,081,93176,37
3708191484,"High Point township, Guilford County, North Carolina",36.5,34.6,38.2,081,91484,37
3708192360,"Oak Ridge township, Guilford County, North Carolina",41.8,42.3,41.1,081,92360,37
3708190396,"Bruce township, Guilford County, North Carolina",43.8,43.2,44.9,081,90396,37
3708190600,"Center Grove township, Guilford County, North Carolina",42.5,41.5,43.9,081,90600,37
3708191184,"Friendship township, Guilford County, North Carolina",36.8,36.5,36.9,081,91184,37
3708192716,"Rock Creek township, Guilford County, North Carolina",38.5,38.6,38.5,081,92716,37
3708193908,"Washington township, Guilford County, North Carolina",45.2,45.4,44.3,081,93908,37
3708191656,"Jefferson township, Guilford County, North Carolina",39.6,37.0,41.0,081,91656,37
3708191640,"Jamestown township, Guilford County, North Carolina",46.1,46.7,45.5,081,91640,37
3708192124,"Morehead township, Guilford County, North Carolina",36.0,34.9,36.9,081,92124,37
3709990900,"Dillsboro township, Jackson County, North Carolina",42.4,42.4,43.8,099,90900,37
3709990484,"Canada township, Jackson County, North Carolina",57.7,52.8,57.8,099,90484,37
3709990500,"Caney Fork township, Jackson County, North Carolina",54.4,47.7,60.5,099,90500,37
3709993204,"Sylva township, Jackson County, North Carolina",41.0,39.8,42.4,099,93204,37
3709990156,"Barkers Creek township, Jackson County, North Carolina",54.1,57.0,50.8,099,90156,37
3709992868,"Scott Creek township, Jackson County, North Carolina",47.3,47.0,47.7,099,92868,37
3709990540,"Cashiers township, Jackson County, North Carolina",59.7,59.1,61.7,099,90540,37
3709990848,"Cullowhee township, Jackson County, North Carolina",21.1,22.0,20.7,099,90848,37
3709992596,"Qualla township, Jackson County, North Carolina",41.2,31.4,46.9,099,92596,37
3709992684,"River township, Jackson County, North Carolina",40.6,40.6,40.6,099,92684,37
3709991320,"Greens Creek township, Jackson County, North Carolina",51.4,56.3,49.4,099,91320,37
3709992856,"Savannah township, Jackson County, North Carolina",32.0,35.3,28.1,099,92856,37
3709993924,"Webster township, Jackson County, North Carolina",45.6,38.7,52.5,099,93924,37
3709992148,"Mountain township, Jackson County, North Carolina",21.9,20.8,26.9,099,92148,37
3709991384,"Hamburg township, Jackson County, North Carolina",46.2,40.9,48.3,099,91384,37
3718990204,"Beaverdam township, Watauga County, North Carolina",45.6,45.0,46.7,189,90204,37
3718990788,"Cove Creek township, Watauga County, North Carolina",46.4,47.6,44.8,189,90788,37
3718991744,"Laurel Creek township, Watauga County, North Carolina",42.5,40.3,47.7,189,91744,37
3718990132,"Bald Mountain township, Watauga County, North Carolina",37.3,24.8,51.4,189,90132,37
3718991008,"Elk township, Watauga County, North Carolina",49.2,44.7,51.5,189,91008,37
3718992276,"New River township, Watauga County, North Carolina",29.2,30.3,27.5,189,92276,37
3718990308,"Blue Ridge township, Watauga County, North Carolina",48.3,47.7,48.8,189,90308,37
3718992032,"Meat Camp township, Watauga County, North Carolina",38.4,44.4,33.5,189,92032,37
3718990404,"Brushy Fork township, Watauga County, North Carolina",22.6,21.7,34.4,189,90404,37
3718992916,"Shawneehaw township, Watauga County, North Carolina",59.2,60.4,58.1,189,92916,37
3718993152,"Stony Fork township, Watauga County, North Carolina",41.9,42.9,41.3,189,93152,37
3718993912,"Watauga township, Watauga County, North Carolina",47.7,44.3,52.6,189,93912,37
3718990300,"Blowing Rock township, Watauga County, North Carolina",56.0,52.3,59.4,189,90300,37
3718990332,"Boone township, Watauga County, North Carolina",20.3,20.6,20.1,189,90332,37
3708391372,"Halifax township, Halifax County, North Carolina",44.1,42.5,50.2,083,91372,37
3708392432,"Palmyra township, Halifax County, North Carolina",51.2,37.4,54.8,083,92432,37
3708390752,"Conoconnara township, Halifax County, North Carolina",56.5,57.4,56.1,083,90752,37
3708391088,"Faucett township, Halifax County, North Carolina",49.9,54.1,49.3,083,91088,37
3708390368,"Brinkleyville township, Halifax County, North Carolina",39.5,36.9,43.8,083,90368,37
3708390468,"Butterwood township, Halifax County, North Carolina",53.8,50.7,54.4,083,90468,37
3708391036,"Enfield township, Halifax County, North Carolina",44.2,40.8,48.5,083,91036,37
3708391876,"Littleton township, Halifax County, North Carolina",51.0,47.8,54.1,083,91876,37
3708392704,"Roanoke Rapids township, Halifax County, North Carolina",39.6,35.7,42.1,083,92704,37
3708392756,"Roseneath township, Halifax County, North Carolina",48.3,53.3,37.0,083,92756,37
3708392864,"Scotland Neck township, Halifax County, North Carolina",51.4,52.0,50.7,083,92864,37
3708393932,"Weldon township, Halifax County, North Carolina",36.9,36.9,36.8,083,93932,37
3700193520,"Township 6, Graham; Alamance County; North Carolina",38.5,39.6,37.8,001,93520,37
3700193704,"Township 11, Pleasant Grove; Alamance County; North Carolina",43.9,42.4,44.9,001,93704,37
3700193292,"Township 1, Patterson; Alamance County; North Carolina",40.7,42.3,39.6,001,93292,37
3700193556,"Township 7, Albright; Alamance County; North Carolina",46.7,47.1,46.4,001,93556,37
3700193656,"Township 9, Thompson; Alamance County; North Carolina",41.9,40.9,42.6,001,93656,37
3700193608,"Township 8, Newlin; Alamance County; North Carolina",40.3,40.1,40.5,001,93608,37
3700193328,"Township 2, Coble; Alamance County; North Carolina",45.5,43.6,48.2,001,93328,37
3700193684,"Township 10, Melville; Alamance County; North Carolina",38.6,36.3,39.7,001,93684,37
3700193444,"Township 4, Morton; Alamance County; North Carolina",45.2,44.1,45.6,001,93444,37
3700193476,"Township 5, Faucette; Alamance County; North Carolina",50.3,50.1,51.2,001,93476,37
3712593264,"Township 1, Carthage; Moore County; North Carolina",38.3,34.5,42.7,125,93264,37
3712593672,"Township 10, Little River; Moore County; North Carolina",41.6,41.6,41.6,125,93672,37
3712593316,"Township 2, Bensalem; Moore County; North Carolina",40.2,37.9,40.5,125,93316,37
3712593578,"Township 7, McNeill; Moore County; North Carolina",48.9,44.3,51.7,125,93578,37
3712593388,"Township 3, Sheffield; Moore County; North Carolina",38.4,33.3,42.5,125,93388,37
3712593448,"Township 4, Ritter; Moore County; North Carolina",45.2,46.2,39.3,125,93448,37
3712593468,"Township 5, Deep River; Moore County; North Carolina",59.0,37.2,65.8,125,93468,37
3712593648,"Township 9, Mineral Springs; Moore County; North Carolina",53.3,51.6,54.1,125,93648,37
3712593524,"Township 6, Greenwood; Moore County; North Carolina",46.2,45.9,47.6,125,93524,37
3713992292,"Nixonton township, Pasquotank County, North Carolina",32.7,30.6,35.1,139,92292,37
3713992164,"Mount Hermon township, Pasquotank County, North Carolina",41.8,36.8,46.4,139,92164,37
3713990996,"Elizabeth City township, Pasquotank County, North Carolina",35.0,32.5,40.4,139,90996,37
3713992260,"Newland township, Pasquotank County, North Carolina",40.8,39.6,41.0,139,92260,37
3713992804,"Salem township, Pasquotank County, North Carolina",46.2,45.4,50.7,139,92804,37
3713992576,"Providence township, Pasquotank County, North Carolina",40.4,39.4,43.4,139,92576,37
3715592640,"Red Springs township, Robeson County, North Carolina",34.6,37.8,29.4,155,92640,37
3715591936,"Lumber Bridge township, Robeson County, North Carolina",39.4,33.3,42.4,155,91936,37
3715592472,"Pembroke township, Robeson County, North Carolina",28.7,27.7,30.3,155,92472,37
3715592984,"Smiths township, Robeson County, North Carolina",35.3,34.4,38.2,155,92984,37
3715590120,"Back Swamp township, Robeson County, North Carolina",40.9,39.2,43.7,155,90120,37
3715591052,"Fairmont township, Robeson County, North Carolina",47.6,44.8,50.9,155,91052,37
3715591940,"Lumberton township, Robeson County, North Carolina",33.4,30.8,35.6,155,91940,37
3715592016,"Maxton township, Robeson County, North Carolina",35.8,32.1,39.2,155,92016,37
3715593952,"West Howellsville township, Robeson County, North Carolina",36.6,40.0,35.3,155,93952,37
3715592484,"Philadelphus township, Robeson County, North Carolina",36.4,33.8,39.8,155,92484,37
3715593120,"Sterlings township, Robeson County, North Carolina",49.5,49.1,49.8,155,93120,37
3715593236,"Thompson township, Robeson County, North Carolina",43.5,38.4,48.6,155,93236,37
3715593812,"Union township, Robeson County, North Carolina",33.8,28.3,40.5,155,93812,37
3715592608,"Raft Swamp township, Robeson County, North Carolina",33.4,29.1,36.6,155,92608,37
3715592656,"Rennert township, Robeson County, North Carolina",31.0,30.2,33.8,155,92656,37
3715592780,"Saddletree township, Robeson County, North Carolina",33.5,35.3,32.2,155,92780,37
3715593004,"Smyrna township, Robeson County, North Carolina",35.3,28.5,43.1,155,93004,37
3715593962,"Whitehouse township, Robeson County, North Carolina",44.2,46.0,39.4,155,93962,37
3715592420,"Orrum township, Robeson County, North Carolina",44.0,43.5,44.7,155,92420,37
3700193712,"Township 12, Burlington; Alamance County; North Carolina",38.5,35.3,41.3,001,93712,37
3700193368,"Township 3, Boone Station; Alamance County; North Carolina",34.3,32.6,36.1,001,93368,37
3700193732,"Township 13, Haw River; Alamance County; North Carolina",43.2,40.6,44.8,001,93732,37
3717790736,"Columbia township, Tyrrell County, North Carolina",42.4,40.5,49.2,177,90736,37
3717793040,"South Fork township, Tyrrell County, North Carolina",54.9,58.1,-666666666.0,177,93040,37
3702190088,"Asheville township, Buncombe County, North Carolina",39.1,35.7,42.2,021,90088,37
3702190086,"Asheville city, Buncombe County, North Carolina",38.6,37.3,39.9,021,90086,37
3702190284,"Black Mountain township, Buncombe County, North Carolina",46.3,44.0,47.8,021,90284,37
3702191116,"Flat Creek township, Buncombe County, North Carolina",44.5,42.7,45.7,021,91116,37
3702193180,"Swannanoa township, Buncombe County, North Carolina",42.8,42.8,42.8,021,93180,37
3702391928,"Lower Fork township, Burke County, North Carolina",44.0,41.5,48.0,023,91928,37
3702390912,"Drexel township, Burke County, North Carolina",44.6,42.4,47.1,023,90912,37
3702392592,"Quaker Meadows township, Burke County, North Carolina",41.1,40.9,41.1,023,92592,37
3702391572,"Icard township, Burke County, North Carolina",41.6,40.5,42.4,023,91572,37
3702391676,"Jonas Ridge township, Burke County, North Carolina",61.6,60.6,63.3,023,91676,37
3702393836,"Upper Fork township, Burke County, North Carolina",36.5,39.5,33.3,023,93836,37
3705790756,"Conrad Hill township, Davidson County, North Carolina",40.9,42.6,40.0,057,90756,37
3705790780,"Cotton Grove township, Davidson County, North Carolina",46.3,44.5,47.3,057,90780,37
3705793232,"Thomasville township, Davidson County, North Carolina",41.3,40.6,42.3,057,93232,37
3705792644,"Reedy Creek township, Davidson County, North Carolina",41.0,38.9,43.4,057,92644,37
3705791028,"Emmons township, Davidson County, North Carolina",45.1,45.6,44.5,057,91028,37
3705792956,"Silver Hill township, Davidson County, North Carolina",40.7,40.9,40.3,057,92956,37
3705794112,"Yadkin College township, Davidson County, North Carolina",45.1,45.6,38.8,057,94112,37
3705791796,"Lexington township, Davidson County, North Carolina",39.5,37.3,42.4,057,91796,37
3705791628,"Jackson Hill township, Davidson County, North Carolina",48.4,48.9,46.9,057,91628,37
3705791392,"Hampton township, Davidson County, North Carolina",51.3,51.1,52.2,057,91392,37
3705791440,"Healing Spring township, Davidson County, North Carolina",46.9,47.2,46.7,057,91440,37
3705792064,"Midway township, Davidson County, North Carolina",44.3,42.4,46.3,057,92064,37
3705790008,"Abbotts Creek township, Davidson County, North Carolina",41.2,40.9,41.3,057,90008,37
3706191060,"Faison township, Duplin County, North Carolina",37.9,34.0,39.8,061,91060,37
3705790032,"Alleghany township, Davidson County, North Carolina",45.8,45.4,49.4,057,90032,37
3705790328,"Boone township, Davidson County, North Carolina",37.4,34.9,37.9,057,90328,37
3705790076,"Arcadia township, Davidson County, North Carolina",42.6,41.7,43.7,057,90076,37
3706191600,"Island Creek township, Duplin County, North Carolina",49.3,47.4,52.3,061,91600,37
3706192728,"Rockfish township, Duplin County, North Carolina",39.8,33.5,43.9,061,92728,37
3706192752,"Rose Hill township, Duplin County, North Carolina",37.0,36.1,39.2,061,92752,37
3706194092,"Wolfscrape township, Duplin County, North Carolina",35.7,40.2,34.6,061,94092,37
3706191240,"Glisson township, Duplin County, North Carolina",25.2,26.9,24.1,061,91240,37
3706191820,"Limestone township, Duplin County, North Carolina",40.0,38.9,42.5,061,91820,37
3706192972,"Smith township, Duplin County, North Carolina",35.6,35.9,35.4,061,92972,37
3706191960,"Magnolia township, Duplin County, North Carolina",35.0,37.2,33.4,061,91960,37
3706190864,"Cypress Creek township, Duplin County, North Carolina",42.9,39.5,43.4,061,90864,37
3706193900,"Warsaw township, Duplin County, North Carolina",38.3,33.5,41.2,061,93900,37
3706191688,"Kenansville township, Duplin County, North Carolina",46.9,42.9,55.1,061,91688,37
3706190020,"Albertson township, Duplin County, North Carolina",32.0,28.6,38.2,061,90020,37
3706391972,"Mangum township, Durham County, North Carolina",46.6,45.4,50.1,063,91972,37
3706392344,"Oak Grove township, Durham County, North Carolina",35.0,34.8,35.1,063,92344,37
3706391760,"Lebanon township, Durham County, North Carolina",46.2,43.9,47.3,063,91760,37
3706390932,"Durham township, Durham County, North Carolina",31.5,30.5,32.7,063,90932,37
3706393764,"Triangle township, Durham County, North Carolina",35.8,34.6,37.1,063,93764,37
3706390516,"Carr township, Durham County, North Carolina",43.0,41.7,44.1,063,90516,37
3709191968,"Maneys Neck township, Hertford County, North Carolina",44.7,22.8,54.0,091,91968,37
3709194076,"Winton township, Hertford County, North Carolina",43.8,42.9,47.3,091,94076,37
3709190016,"Ahoskie township, Hertford County, North Carolina",38.6,37.6,38.7,091,90016,37
3710593580,"Township 7, Pocket; Lee County; North Carolina",41.0,37.9,44.1,105,93580,37
3709191412,"Harrellsville township, Hertford County, North Carolina",54.2,54.5,52.7,091,91412,37
3709192188,"Murfreesboro township, Hertford County, North Carolina",36.5,29.9,44.5,091,92188,37
3709192784,"St. Johns township, Hertford County, North Carolina",42.7,41.2,45.4,091,92784,37
3710593372,"Township 3, Cape Fear; Lee County; North Carolina",43.2,39.2,43.9,105,93372,37
3710593548,"Township 6, West Sanford; Lee County; North Carolina",37.2,36.7,37.9,105,93548,37
3710593428,"Township 4, Deep River; Lee County; North Carolina",41.9,40.2,42.5,105,93428,37
3710593472,"Township 5, East Sanford; Lee County; North Carolina",34.0,35.6,29.7,105,93472,37
3710593280,"Township 1, Greenwood; Lee County; North Carolina",37.6,36.8,38.9,105,93280,37
3712994044,"Wilmington township, New Hanover County, North Carolina",36.0,35.2,37.1,129,94044,37
3710593336,"Township 2, Jonesboro; Lee County; North Carolina",38.9,35.2,41.7,105,93336,37
3712991404,"Harnett township, New Hanover County, North Carolina",40.3,37.8,42.5,129,91404,37
3712990508,"Cape Fear township, New Hanover County, North Carolina",40.3,39.4,42.1,129,90508,37
3712991092,"Federal Point township, New Hanover County, North Carolina",42.6,41.3,43.5,129,91092,37
3712992008,"Masonboro township, New Hanover County, North Carolina",41.7,39.9,43.1,129,92008,37
3714193804,"Union township, Pender County, North Carolina",41.8,40.4,44.1,141,93804,37
3714190728,"Columbia township, Pender County, North Carolina",38.5,34.3,44.9,141,90728,37
3714190496,"Canetuck township, Pender County, North Carolina",43.7,53.8,36.9,141,90496,37
3714191900,"Long Creek township, Pender County, North Carolina",41.3,43.1,41.2,141,91900,37
3714192744,"Rocky Point township, Pender County, North Carolina",39.3,41.1,39.1,141,92744,37
3714193248,"Topsail township, Pender County, North Carolina",43.6,42.8,44.9,141,93248,37
3714191272,"Grady township, Pender County, North Carolina",43.9,43.2,49.5,141,91272,37
3714191516,"Holly township, Pender County, North Carolina",36.0,39.1,33.8,141,91516,37
3714190444,"Burgaw township, Pender County, North Carolina",43.9,43.9,43.9,141,90444,37
3714190548,"Caswell township, Pender County, North Carolina",39.7,32.9,46.7,141,90548,37
3719191280,"Grantham township, Wayne County, North Carolina",38.1,36.3,42.0,191,91280,37
3719190428,"Buck Swamp township, Wayne County, North Carolina",38.7,37.0,41.4,191,90428,37
3719191576,"Indian Springs township, Wayne County, North Carolina",32.9,31.9,33.9,191,91576,37
3719192848,"Saulston township, Wayne County, North Carolina",39.6,39.2,41.5,191,92848,37
3719193138,"Stoney Creek township, Wayne County, North Carolina",40.3,39.4,41.9,191,93138,37
3719190384,"Brogden township, Wayne County, North Carolina",39.1,38.1,39.8,191,90384,37
3719192200,"Nahunta township, Wayne County, North Carolina",41.3,37.0,48.0,191,92200,37
3719192256,"New Hope township, Wayne County, North Carolina",31.5,30.1,34.9,191,92256,37
3719191260,"Goldsboro township, Wayne County, North Carolina",35.7,32.2,39.5,191,91260,37
3706792062,"Middle Fork II township, Forsyth County, North Carolina",37.6,38.0,36.7,067,92062,37
3704391466,"Hiawassee township, Clay County, North Carolina",56.9,58.4,55.0,043,91466,37
3706792061,"Middle Fork I township, Forsyth County, North Carolina",31.8,35.4,30.8,067,92061,37
3719191300,"Great Swamp township, Wayne County, North Carolina",38.6,38.3,43.1,191,91300,37
3719191136,"Fork township, Wayne County, North Carolina",39.6,36.9,42.0,191,91136,37
3719192492,"Pikeville township, Wayne County, North Carolina",32.1,27.9,36.2,191,92492,37
3703393137,"Stoney Creek township, Caswell County, North Carolina",46.9,47.8,46.1,033,93137,37
3704793928,"Welches Creek township, Columbus County, North Carolina",37.4,37.3,39.9,047,93928,37
3715591200,"Gaddys township, Robeson County, North Carolina",36.3,32.1,37.8,155,91200,37
3715594080,"Wisharts township, Robeson County, North Carolina",36.0,35.1,37.9,155,94080,37
3712593616,"Township 8, Sandhills; Moore County; North Carolina",35.9,35.7,36.0,125,93616,37
3704590686,"Cleveland, Cleveland County, North Carolina",41.7,40.1,42.9,045,90686,37
3714991302,"Green Creek township, Polk County, North Carolina",50.7,49.3,52.5,149,91302,37
3701592096,"Mitchell township, Bertie County, North Carolina",40.5,37.5,42.6,015,92096,37
3701593008,"Snakebite township, Bertie County, North Carolina",49.1,49.2,48.9,015,93008,37
3711593706,"Township 11, Revere-Rice Cove; Madison County; North Carolina",55.0,53.5,55.0,115,93706,37
3711993392,"Township 3, Steele Creek; Mecklenburg County; North Carolina",39.2,40.2,38.3,119,93392,37
3717791360,"Gum Neck township, Tyrrell County, North Carolina",56.1,57.7,49.9,177,91360,37
3717790044,"Alligator township, Tyrrell County, North Carolina",63.2,64.5,62.5,177,90044,37
3717792872,"Scuppernong township, Tyrrell County, North Carolina",59.2,50.7,61.3,177,92872,37
3707990520,"Carrs township, Greene County, North Carolina",41.3,41.1,42.9,079,90520,37
3707992416,"Ormonds township, Greene County, North Carolina",46.7,44.5,48.6,079,92416,37
3707993020,"Snow Hill township, Greene County, North Carolina",48.0,43.6,50.9,079,93020,37
3707992392,"Olds township, Greene County, North Carolina",37.9,36.8,40.9,079,92392,37
3707993076,"Speights Bridge township, Greene County, North Carolina",32.4,28.9,37.1,079,93076,37
3707991648,"Jason township, Greene County, North Carolina",41.7,42.5,38.5,079,91648,37
3707991532,"Hookerton township, Greene County, North Carolina",40.8,34.5,46.0,079,91532,37
3707992928,"Shine township, Greene County, North Carolina",36.1,34.8,36.6,079,92928,37
3707990440,"Bull Head township, Greene County, North Carolina",38.6,38.5,40.7,079,90440,37
3708793972,"White Oak township, Haywood County, North Carolina",45.7,51.0,45.2,087,93972,37
3708790552,"Cataloochee township, Haywood County, North Carolina",68.8,-666666666.0,-666666666.0,087,90552,37
3708790568,"Cecil township, Haywood County, North Carolina",43.9,37.9,45.9,087,90568,37
3708790704,"Clyde township, Haywood County, North Carolina",42.0,42.7,41.4,087,90704,37
3708791104,"Fines Creek township, Haywood County, North Carolina",59.1,52.7,62.1,087,91104,37
3708791608,"Ivy Hill township, Haywood County, North Carolina",54.9,55.0,53.7,087,91608,37
3708792488,"Pigeon township, Haywood County, North Carolina",48.4,46.6,49.2,087,92488,37
3708790956,"East Fork township, Haywood County, North Carolina",55.9,49.6,60.7,087,90956,37
3708793920,"Waynesville township, Haywood County, North Carolina",50.3,48.1,52.3,087,93920,37
3708790196,"Beaverdam township, Haywood County, North Carolina",40.6,37.9,42.8,087,90196,37
3708790800,"Crabtree township, Haywood County, North Carolina",54.4,54.7,54.2,087,90800,37
3708791680,"Jonathan Creek township, Haywood County, North Carolina",45.9,43.9,48.5,087,91680,37
3708791592,"Iron Duff township, Haywood County, North Carolina",51.1,51.9,47.8,087,91592,37
3712190488,"Cane Creek township, Mitchell County, North Carolina",49.6,47.4,53.2,121,90488,37
3712191140,"Fork Mountain-Little Rock Creek township, Mitchell County, North Carolina",46.0,43.8,47.2,121,91140,37
3712192548,"Poplar township, Mitchell County, North Carolina",61.6,59.9,69.5,121,92548,37
3712191285,"Grassy Creek township, Mitchell County, North Carolina",47.3,45.6,50.1,121,91285,37
3715590372,"Britts township, Robeson County, North Carolina",33.6,29.6,38.3,155,90372,37
3715590460,"Burnt Swamp township, Robeson County, North Carolina",31.8,34.5,30.6,155,90460,37
3715592444,"Parkton township, Robeson County, North Carolina",37.7,37.4,37.7,155,92444,37
3715592760,"Rowland township, Robeson County, North Carolina",45.9,45.9,45.9,155,92760,37
3715592796,"St. Pauls township, Robeson County, North Carolina",40.3,40.5,40.0,155,92796,37
3715590028,"Alfordsville township, Robeson County, North Carolina",39.1,39.5,38.3,155,90028,37
3717392208,"Nantahala township, Swain County, North Carolina",45.7,45.5,45.8,173,92208,37
3718390576,"Cedar Fork township, Wake County, North Carolina",35.7,35.6,35.7,183,90576,37
3718392056,"Middle Creek township, Wake County, North Carolina",36.6,36.5,36.7,183,92056,37
3718392612,"Raleigh township, Wake County, North Carolina",30.0,29.5,30.4,183,92612,37
3718391992,"Marks Creek township, Wake County, North Carolina",37.7,36.4,38.9,183,91992,37
3718392264,"New Light township, Wake County, North Carolina",43.0,44.1,41.4,183,92264,37
3718390164,"Bartons Creek township, Wake County, North Carolina",46.4,45.9,46.8,183,90164,37
3718390536,"Cary township, Wake County, North Carolina",39.4,38.4,40.7,183,90536,37
3718391772,"Leesville township, Wake County, North Carolina",36.5,37.0,36.0,183,91772,37
3718392036,"Meredith township, Wake County, North Carolina",34.6,32.5,36.2,183,92036,37
3718393984,"White Oak township, Wake County, North Carolina",37.3,36.8,37.7,183,93984,37
3718391868,"Little River township, Wake County, North Carolina",37.9,36.0,39.8,183,91868,37
3718392228,"Neuse township, Wake County, North Carolina",34.3,33.6,35.1,183,92228,37
3718392440,"Panther Branch township, Wake County, North Carolina",38.9,37.1,40.2,183,92440,37
3718393200,"Swift Creek township, Wake County, North Carolina",33.7,32.2,35.6,183,93200,37
3712190128,"Bakersville township, Mitchell County, North Carolina",44.1,49.4,40.0,121,90128,37
3712193012,"Snow Creek township, Mitchell County, North Carolina",38.8,38.7,43.0,121,93012,37
3712191408,"Harrell township, Mitchell County, North Carolina",46.8,35.6,58.4,121,91408,37
3712192632,"Red Hill township, Mitchell County, North Carolina",53.8,40.0,56.8,121,92632,37
3712190352,"Bradshaw township, Mitchell County, North Carolina",65.2,53.3,65.5,121,90352,37
3704193400,"Township 3, Upper; Chowan County; North Carolina",40.6,38.2,49.8,041,93400,37
3704193456,"Township 4, Yeopim; Chowan County; North Carolina",52.5,52.8,49.0,041,93456,37
3704193348,"Township 2, Middle; Chowan County; North Carolina",51.7,45.3,54.0,041,93348,37
3704193276,"Township 1, Edenton; Chowan County; North Carolina",40.0,38.0,40.9,041,93276,37
3700592508,"Piney Creek township, Alleghany County, North Carolina",52.9,56.1,51.9,005,92508,37
3700591204,"Gap Civil township, Alleghany County, North Carolina",44.7,43.7,46.6,005,91204,37
3700591232,"Glade Creek township, Alleghany County, North Carolina",54.9,51.0,56.7,005,91232,37
3700593960,"Whitehead township, Alleghany County, North Carolina",57.3,55.5,58.4,005,93960,37
3702791556,"Hudson township, Caldwell County, North Carolina",44.1,42.2,48.1,027,91556,37
3700590808,"Cranberry township, Alleghany County, North Carolina",70.1,68.9,70.6,005,90808,37
3700590640,"Cherry Lane township, Alleghany County, North Carolina",42.3,42.7,40.6,005,90640,37
3700592564,"Prathers Creek township, Alleghany County, North Carolina",50.4,50.5,49.9,005,92564,37
3702791672,"Johns River township, Caldwell County, North Carolina",43.5,40.0,46.2,027,91672,37
3702792304,"North Catawba township, Caldwell County, North Carolina",46.4,46.2,46.7,027,92304,37
3702791700,"Kings Creek township, Caldwell County, North Carolina",42.9,50.6,36.6,027,91700,37
3702791780,"Lenoir township, Caldwell County, North Carolina",39.6,40.5,38.5,027,91780,37
3702791244,"Globe township, Caldwell County, North Carolina",35.7,49.4,35.1,027,91244,37
3702791852,"Little River township, Caldwell County, North Carolina",47.4,46.5,50.0,027,91852,37
3702791924,"Lower Creek township, Caldwell County, North Carolina",45.7,44.9,46.8,027,91924,37
3702794052,"Wilson Creek township, Caldwell County, North Carolina",-666666666.0,-666666666.0,-666666666.0,027,94052,37
3702792452,"Patterson township, Caldwell County, North Carolina",46.5,48.3,45.2,027,92452,37
3702792180,"Mulberry township, Caldwell County, North Carolina",47.4,47.2,49.1,027,92180,37
3702794116,"Yadkin Valley township, Caldwell County, North Carolina",44.3,44.0,46.0,027,94116,37
3702791916,"Lovelady township, Caldwell County, North Carolina",44.0,42.3,45.7,027,91916,37
3703592284,"Newton township, Catawba County, North Carolina",39.4,35.9,41.7,035,92284,37
3703590476,"Caldwell township, Catawba County, North Carolina",43.5,40.3,47.4,035,90476,37
3703590556,"Catawba township, Catawba County, North Carolina",45.2,46.1,43.7,035,90556,37
3703590140,"Bandy's township, Catawba County, North Carolina",47.6,47.7,47.6,035,90140,37
3703591636,"Jacobs Fork township, Catawba County, North Carolina",35.6,40.2,32.0,035,91636,37
3718391524,"Holly Springs township, Wake County, North Carolina",36.5,36.3,36.6,183,91524,37
3718391548,"House Creek township, Wake County, North Carolina",38.9,36.4,41.3,183,91548,37
3701391896,"Long Acre township, Beaufort County, North Carolina",47.4,46.2,48.4,013,91896,37
3701392436,"Pantego township, Beaufort County, North Carolina",41.5,42.0,41.2,013,92436,37
3704790316,"Bogue township, Columbus County, North Carolina",52.2,53.0,47.0,047,90316,37
3704790320,"Bolton township, Columbus County, North Carolina",40.4,37.3,42.7,047,90320,37
3704791044,"Fair Bluff township, Columbus County, North Carolina",51.0,49.9,51.2,047,91044,37
3704792624,"Ransom township, Columbus County, North Carolina",41.6,41.5,41.7,047,92624,37
3704793072,"South Williams township, Columbus County, North Carolina",41.1,31.2,47.5,047,93072,37
3704793872,"Waccamaw township, Columbus County, North Carolina",43.3,43.9,43.1,047,93872,37
3704794000,"Whiteville township, Columbus County, North Carolina",41.0,39.9,41.6,047,94000,37
3704790608,"Cerro Gordo township, Columbus County, North Carolina",38.3,37.4,44.0,047,90608,37
3704793216,"Tatums township, Columbus County, North Carolina",45.2,41.4,51.5,047,93216,37
3704794020,"Williams township, Columbus County, North Carolina",40.9,38.8,42.8,047,94020,37
3704790436,"Bug Hill township, Columbus County, North Carolina",34.1,34.0,35.7,047,90436,37
3704791764,"Lees township, Columbus County, North Carolina",37.3,37.9,36.4,047,91764,37
3704790612,"Chadbourn township, Columbus County, North Carolina",45.3,42.5,48.6,047,90612,37
3704793944,"Western Prong township, Columbus County, North Carolina",41.1,41.6,40.8,047,93944,37
3710790760,"Contentnea Neck township, Lenoir County, North Carolina",44.2,41.5,47.3,107,90760,37
3710792144,"Moseley Hall township, Lenoir County, North Carolina",46.6,45.6,47.0,107,92144,37
3710792820,"Sand Hill township, Lenoir County, North Carolina",42.5,39.0,52.9,107,92820,37
3710793060,"Southwest township, Lenoir County, North Carolina",55.2,51.8,58.5,107,93060,37
3710793760,"Trent township, Lenoir County, North Carolina",35.2,34.6,36.0,107,93760,37
3710791704,"Kinston township, Lenoir County, North Carolina",44.3,40.8,45.9,107,91704,37
3710792520,"Pink Hill township, Lenoir County, North Carolina",31.4,31.7,29.6,107,92520,37
3710791588,"Institute township, Lenoir County, North Carolina",35.5,39.2,32.8,107,91588,37
3710792224,"Neuse township, Lenoir County, North Carolina",43.7,44.2,43.3,107,92224,37
3710793856,"Vance township, Lenoir County, North Carolina",40.4,34.5,43.9,107,93856,37
3710794096,"Woodington township, Lenoir County, North Carolina",29.6,25.2,35.1,107,94096,37
3710791072,"Falling Creek township, Lenoir County, North Carolina",45.0,44.0,45.7,107,91072,37
3710990560,"Catawba Springs township, Lincoln County, North Carolina",44.6,43.5,45.4,109,90560,37
3710991824,"Lincolnton township, Lincoln County, North Carolina",41.7,41.1,42.3,109,91824,37
3710991552,"Howards Creek township, Lincoln County, North Carolina",43.4,42.2,44.8,109,91552,37
3710991596,"Ironton township, Lincoln County, North Carolina",41.5,41.4,41.5,109,91596,37
3710992300,"North Brook township, Lincoln County, North Carolina",43.1,40.5,44.8,109,92300,37
3715992584,"Providence township, Rowan County, North Carolina",48.2,48.4,47.9,159,92584,37
3715992812,"Salisbury township, Rowan County, North Carolina",36.8,34.8,39.1,159,92812,37
3715993112,"Steele township, Rowan County, North Carolina",42.2,43.1,41.6,159,93112,37
3715990660,"China Grove township, Rowan County, North Carolina",39.4,38.0,40.0,159,90660,37
3715991160,"Franklin township, Rowan County, North Carolina",40.6,38.7,42.6,159,91160,37
3715990692,"Cleveland township, Rowan County, North Carolina",44.0,41.4,46.1,159,90692,37
3715993828,"Unity township, Rowan County, North Carolina",44.6,44.6,44.8,159,93828,37
3715990100,"Atwell township, Rowan County, North Carolina",41.0,39.0,43.3,159,90100,37
3715991880,"Locke township, Rowan County, North Carolina",37.8,36.6,38.6,159,91880,37
3715992128,"Morgan township, Rowan County, North Carolina",43.4,43.6,43.0,159,92128,37
3718191452,"Henderson township, Vance County, North Carolina",37.0,33.9,37.8,181,91452,37
3718193752,"Townsville township, Vance County, North Carolina",59.5,56.6,60.7,181,93752,37
3718190868,"Dabney township, Vance County, North Carolina",42.0,41.8,42.5,181,90868,37
3718192050,"Middleburg township, Vance County, North Carolina",47.2,45.9,49.6,181,92050,37
3718194028,"Williamsboro township, Vance County, North Carolina",42.3,36.5,44.3,181,94028,37
3718191712,"Kittrell township, Vance County, North Carolina",41.2,37.0,43.2,181,91712,37
3718193916,"Watkins township, Vance County, North Carolina",47.8,40.9,48.1,181,93916,37
3718192824,"Sandy Creek township, Vance County, North Carolina",36.5,33.5,39.3,181,92824,37
3703992192,"Murphy township, Cherokee County, North Carolina",48.9,48.9,48.9,039,92192,37
3703991544,"Hothouse township, Cherokee County, North Carolina",57.1,53.2,60.1,039,91544,37
3703992932,"Shoal Creek township, Cherokee County, North Carolina",57.2,61.0,56.3,039,92932,37
3703992336,"Notla township, Cherokee County, North Carolina",54.9,50.0,57.3,039,92336,37
3703990188,"Beaverdam township, Cherokee County, North Carolina",56.1,53.2,57.1,039,90188,37
3703993852,"Valleytown township, Cherokee County, North Carolina",44.9,44.5,46.2,039,93852,37
3705392552,"Poplar Branch township, Currituck County, North Carolina",43.0,42.8,43.5,053,92552,37
3705390816,"Crawford township, Currituck County, North Carolina",42.3,42.7,41.8,053,90816,37
3705392176,"Moyock township, Currituck County, North Carolina",42.7,41.9,44.0,053,92176,37
3705391188,"Fruitville township, Currituck County, North Carolina",47.4,48.7,46.2,053,91188,37
3717993860,"Vance township, Union County, North Carolina",37.6,36.5,38.3,179,93860,37
3717992108,"Monroe township, Union County, North Carolina",34.0,33.2,34.8,179,92108,37
3717991736,"Lanes Creek township, Union County, North Carolina",42.8,38.9,44.5,179,91736,37
3717992004,"Marshville township, Union County, North Carolina",40.6,39.1,42.5,179,92004,37
3717992280,"New Salem township, Union County, North Carolina",41.0,38.3,41.7,179,92280,37
3717991624,"Jackson township, Union County, North Carolina",40.0,38.0,40.3,179,91624,37
3717992836,"Sandy Ridge township, Union County, North Carolina",39.6,39.4,39.7,179,92836,37
3712392464,"Pee Dee township, Montgomery County, North Carolina",47.0,45.8,49.4,123,92464,37
3712392412,"Ophir township, Montgomery County, North Carolina",34.9,35.5,28.0,123,92412,37
3712393100,"Star township, Montgomery County, North Carolina",42.9,38.8,44.2,123,93100,37
3712392748,"Rocky Springs township, Montgomery County, North Carolina",38.1,38.4,36.4,123,92748,37
3712390272,"Biscoe township, Montgomery County, North Carolina",29.8,25.9,31.8,123,90272,37
3712392160,"Mount Gilead township, Montgomery County, North Carolina",50.7,48.1,54.2,123,92160,37
3712391856,"Little River township, Montgomery County, North Carolina",42.6,42.4,46.3,123,91856,37
3712393772,"Troy township, Montgomery County, North Carolina",40.2,39.4,40.7,123,93772,37
3712393848,"Uwharrie township, Montgomery County, North Carolina",60.7,61.3,57.0,123,93848,37
3712390988,"Eldorado township, Montgomery County, North Carolina",58.8,59.0,58.1,123,90988,37
3712390628,"Cheek Creek township, Montgomery County, North Carolina",35.3,26.4,46.3,123,90628,37
3713393976,"White Oak township, Onslow County, North Carolina",28.0,26.5,30.0,133,93976,37
3713393160,"Stump Sound township, Onslow County, North Carolina",31.0,29.6,33.9,133,93160,37
3713393188,"Swansboro township, Onslow County, North Carolina",32.0,29.7,34.0,133,93188,37
3713391502,"Hofmann Forest UT, Onslow County, North Carolina",19.8,19.6,20.2,133,91502,37
3713390482,"Camp Lejeune UT, Onslow County, North Carolina",21.4,21.4,21.9,133,90482,37
3713392672,"Richlands township, Onslow County, North Carolina",29.8,29.6,30.1,133,92672,37
3713391632,"Jacksonville township, Onslow County, North Carolina",28.3,26.7,29.9,133,91632,37
3713590268,"Bingham township, Orange County, North Carolina",47.1,45.2,50.5,135,90268,37
3713591040,"Eno township, Orange County, North Carolina",42.4,41.8,43.6,135,91040,37
3713590580,"Cedar Grove township, Orange County, North Carolina",45.1,43.6,45.7,135,90580,37
3713590632,"Cheeks township, Orange County, North Carolina",40.6,38.7,43.8,135,90632,37
3713591496,"Hillsborough township, Orange County, North Carolina",37.7,35.1,40.1,135,91496,37
3713591860,"Little River township, Orange County, North Carolina",50.2,46.8,52.5,135,91860,37
3713590620,"Chapel Hill township, Orange County, North Carolina",29.5,29.8,29.1,135,90620,37
3715393116,"Steeles township, Richmond County, North Carolina",42.9,26.0,53.3,153,93116,37
3715394088,"Wolf Pit township, Richmond County, North Carolina",41.1,42.8,40.3,153,94088,37
3715390200,"Beaverdam township, Richmond County, North Carolina",32.2,30.5,34.3,153,90200,37
3715392736,"Rockingham township, Richmond County, North Carolina",42.3,38.2,46.0,153,92736,37
3715391988,"Marks Creek township, Richmond County, North Carolina",39.9,39.9,39.9,153,91988,37
3715390280,"Black Jack township, Richmond County, North Carolina",25.9,37.3,25.3,153,90280,37
3715392084,"Mineral Springs township, Richmond County, North Carolina",47.0,46.1,47.6,153,92084,37
3716190480,"Camp Creek township, Rutherford County, North Carolina",53.3,53.5,45.5,161,90480,37
3716191308,"Green Hill township, Rutherford County, North Carolina",40.8,42.0,39.6,161,91308,37
3717990432,"Buford township, Union County, North Carolina",41.6,40.4,43.0,179,90432,37
3717991264,"Goose Creek township, Union County, North Carolina",41.5,41.5,41.5,179,91264,37
3719393092,"Stanton township, Wilkes County, North Carolina",56.8,62.2,55.6,193,93092,37
3719392720,"Rock Creek township, Wilkes County, North Carolina",39.6,41.2,37.9,193,92720,37
3719390324,"Boomer township, Wilkes County, North Carolina",40.5,40.1,45.6,193,90324,37
3719390408,"Brushy Mountain township, Wilkes County, North Carolina",40.2,27.6,40.5,193,90408,37
3719391012,"Elk township, Wilkes County, North Carolina",54.3,54.8,53.7,193,91012,37
3719392116,"Moravian Falls township, Wilkes County, North Carolina",56.8,57.7,54.6,193,92116,37
3719390976,"Edwards township, Wilkes County, North Carolina",44.4,43.7,44.8,193,90976,37
3719393024,"Somers township, Wilkes County, North Carolina",49.6,48.1,50.8,193,93024,37
3719391788,"Lewis Fork township, Wilkes County, North Carolina",57.9,59.2,55.3,193,91788,37
3719392184,"Mulberry township, Wilkes County, North Carolina",40.3,38.0,45.1,193,92184,37
3719392332,"North Wilkesboro township, Wilkes County, North Carolina",40.4,38.4,42.7,193,92332,37
3719393820,"Union township, Wilkes County, North Carolina",51.9,54.1,48.4,193,93820,37
3719390072,"Antioch township, Wilkes County, North Carolina",55.3,52.5,56.1,193,90072,37
3719391664,"Jobs Cabin township, Wilkes County, North Carolina",36.4,36.8,34.8,193,91664,37
3719391908,"Lovelace township, Wilkes County, North Carolina",50.9,52.0,44.9,193,91908,37
3719394012,"Wilkesboro township, Wilkes County, North Carolina",44.8,41.6,47.5,193,94012,37
3719390184,"Beaver Creek township, Wilkes County, North Carolina",44.3,47.1,44.2,193,90184,37
3719393756,"Traphill township, Wilkes County, North Carolina",47.4,46.5,48.4,193,93756,37
3719393888,"Walnut Grove township, Wilkes County, North Carolina",41.8,44.5,36.1,193,93888,37
3719392236,"New Castle township, Wilkes County, North Carolina",35.4,32.4,36.6,193,92236,37
3719392628,"Reddies River township, Wilkes County, North Carolina",42.1,39.5,43.9,193,92628,37
3706792388,"Old Richmond township, Forsyth County, North Carolina",48.6,47.8,49.4,067,92388,37
3706792396,"Old Town township, Forsyth County, North Carolina",44.5,50.1,17.6,067,92396,37
3706793864,"Vienna township, Forsyth County, North Carolina",46.6,45.2,48.5,067,93864,37
3706794068,"Winston township, Forsyth County, North Carolina",35.3,33.9,36.5,067,94068,37
3706790236,"Bethania township, Forsyth County, North Carolina",41.1,36.7,44.8,067,90236,37
3706790684,"Clemmonsville township, Forsyth County, North Carolina",45.4,44.0,46.1,067,90684,37
3706793036,"South Fork township, Forsyth County, North Carolina",33.9,36.8,33.5,067,93036,37
3706792808,"Salem Chapel township, Forsyth County, North Carolina",47.2,43.6,49.5,067,92808,37
3706790376,"Broadbay township, Forsyth County, North Carolina",36.0,33.0,38.7,067,90376,37
3706791696,"Kernersville township, Forsyth County, North Carolina",42.7,41.8,43.2,067,91696,37
3706790012,"Abbotts Creek township, Forsyth County, North Carolina",43.7,43.3,44.1,067,90012,37
3706791792,"Lewisville township, Forsyth County, North Carolina",40.9,39.4,43.5,067,91792,37
3716191488,"High Shoals township, Rutherford County, North Carolina",42.9,42.4,44.0,161,91488,37
3716190656,"Chimney Rock township, Rutherford County, North Carolina",60.0,61.5,57.8,161,90656,37
3716190768,"Cool Spring township, Rutherford County, North Carolina",40.0,39.7,40.5,161,90768,37
3716191892,"Logan Store township, Rutherford County, North Carolina",44.0,39.4,47.8,161,91892,37
3716193816,"Union township, Rutherford County, North Carolina",46.1,46.4,45.6,161,93816,37
3716192132,"Morgan township, Rutherford County, North Carolina",42.4,41.5,47.1,161,92132,37
3716190924,"Duncans Creek township, Rutherford County, North Carolina",54.6,54.6,54.7,161,90924,37
3716191224,"Gilkey township, Rutherford County, North Carolina",44.1,35.0,47.9,161,91224,37
3716191252,"Golden Valley township, Rutherford County, North Carolina",35.4,45.7,26.8,161,91252,37
3716192776,"Rutherfordton township, Rutherford County, North Carolina",46.9,45.2,49.6,161,92776,37
3716193172,"Sulphur Springs township, Rutherford County, North Carolina",44.9,42.3,47.6,161,93172,37
3716190720,"Colfax township, Rutherford County, North Carolina",41.6,40.5,41.9,161,90720,37
3716391836,"Lisbon township, Sampson County, North Carolina",36.9,36.8,37.0,163,91836,37
3716392088,"Mingo township, Sampson County, North Carolina",41.0,41.0,40.8,163,92088,37
3716392288,"Newton Grove township, Sampson County, North Carolina",51.0,55.2,50.8,163,92288,37
3716393224,"Taylors Bridge township, Sampson County, North Carolina",44.5,45.0,36.0,163,93224,37
3716391944,"McDaniels township, Sampson County, North Carolina",49.4,49.5,49.2,163,91944,37
3716391460,"Herring township, Sampson County, North Carolina",40.1,28.4,41.0,163,91460,37
3716391528,"Honeycutt township, Sampson County, North Carolina",43.8,43.2,45.5,163,91528,37
3716392524,"Plain View township, Sampson County, North Carolina",38.1,38.7,37.1,163,92524,37
3716390904,"Dismal township, Sampson County, North Carolina",37.6,33.5,41.1,163,90904,37
3715590960,"East Howellsville township, Robeson County, North Carolina",40.6,37.9,42.7,155,90960,37
3715592904,"Shannon township, Robeson County, North Carolina",26.0,24.8,27.1,155,92904,37
3716793028,"South Albemarle township, Stanly County, North Carolina",39.3,37.2,40.3,167,93028,37
3716790048,"Almond township, Stanly County, North Carolina",43.5,43.8,41.7,167,90048,37
3716790264,"Big Lick township, Stanly County, North Carolina",43.4,41.1,46.9,167,90264,37
3716791032,"Endy township, Stanly County, North Carolina",39.8,38.2,40.7,167,91032,37
3716792296,"North Albemarle township, Stanly County, North Carolina",44.2,43.3,45.3,167,92296,37
3716791196,"Furr township, Stanly County, North Carolina",41.7,38.9,43.0,167,91196,37
3716791416,"Harris township, Stanly County, North Carolina",42.2,42.1,42.5,167,91416,37
3716790596,"Center township, Stanly County, North Carolina",43.6,44.2,42.2,167,90596,37
3716793800,"Tyson township, Stanly County, North Carolina",38.1,32.4,49.6,167,93800,37
3716792680,"Ridenhour township, Stanly County, North Carolina",42.4,40.9,43.8,167,92680,37
3717391144,"Forneys Creek UT, Swain County, North Carolina",-666666666.0,-666666666.0,-666666666.0,173,91144,37
3717390624,"Charleston township, Swain County, North Carolina",40.1,38.4,40.8,173,90624,37
3718392788,"St. Marys township, Wake County, North Carolina",34.3,32.7,36.2,183,92788,37
3718393880,"Wake Forest township, Wake County, North Carolina",36.5,36.2,36.8,183,93880,37
3718390420,"Buckhorn township, Wake County, North Carolina",38.5,38.2,38.8,183,90420,37
3718392792,"St. Matthews township, Wake County, North Carolina",36.1,33.7,37.8,183,92792,37
3719991312,"Green Mountain township, Yancey County, North Carolina",56.6,42.0,56.7,199,91312,37
3719992572,"Price Creek township, Yancey County, North Carolina",42.2,40.9,48.3,199,92572,37
3719992476,"Pensacola township, Yancey County, North Carolina",53.9,55.0,51.6,199,92476,37
3719993056,"South Toe township, Yancey County, North Carolina",45.8,45.6,46.7,199,93056,37
3719990400,"Brush Creek township, Yancey County, North Carolina",47.0,46.5,48.0,199,90400,37
3719990980,"Egypt township, Yancey County, North Carolina",55.0,54.5,55.7,199,90980,37
3719990456,"Burnsville township, Yancey County, North Carolina",56.0,47.2,62.9,199,90456,37
3719990804,"Crabtree township, Yancey County, North Carolina",41.4,39.6,42.9,199,90804,37
3719991612,"Jacks Creek township, Yancey County, North Carolina",40.8,41.0,40.8,199,91612,37
3719990492,"Cane River township, Yancey County, North Carolina",41.6,44.0,39.5,199,90492,37
3719992616,"Ramseytown township, Yancey County, North Carolina",60.2,68.2,58.4,199,92616,37
3700790452,"Burnsville township, Anson County, North Carolina",49.8,46.6,50.6,007,90452,37
3700790064,"Ansonville township, Anson County, North Carolina",46.9,45.0,49.1,007,90064,37
3700792140,"Morven township, Anson County, North Carolina",41.2,41.2,41.4,007,92140,37
3700793996,"White Store township, Anson County, North Carolina",50.1,50.5,46.7,007,93996,37
3700791356,"Gulledge township, Anson County, North Carolina",38.5,37.7,45.1,007,91356,37
3700791732,"Lanesboro township, Anson County, North Carolina",37.3,37.3,37.3,007,91732,37
3700791808,"Lilesville township, Anson County, North Carolina",46.3,43.9,47.4,007,91808,37
3700793876,"Wadesboro township, Anson County, North Carolina",40.3,37.6,41.9,007,93876,37
3703790136,"Baldwin township, Chatham County, North Carolina",42.5,42.4,42.6,037,90136,37
3703791352,"Gulf township, Chatham County, North Carolina",41.7,38.6,45.3,037,91352,37
3703790024,"Albright township, Chatham County, North Carolina",48.3,47.9,48.7,037,90024,37
3703791368,"Hadley township, Chatham County, North Carolina",40.1,38.1,41.8,037,91368,37
3703791428,"Haw River township, Chatham County, North Carolina",47.2,47.8,45.1,037,91428,37
3703791472,"Hickory Mountain township, Chatham County, North Carolina",49.7,50.8,46.1,037,91472,37
3703790172,"Bear Creek township, Chatham County, North Carolina",43.7,41.5,43.9,037,90172,37
3703790504,"Cape Fear township, Chatham County, North Carolina",40.8,41.6,37.3,037,90504,37
3703790592,"Center township, Chatham County, North Carolina",47.5,45.8,48.6,037,90592,37
3703792012,"Matthews township, Chatham County, North Carolina",35.5,31.9,38.4,037,92012,37
3703590700,"Clines township, Catawba County, North Carolina",42.0,41.0,43.4,035,90700,37
3703591468,"Hickory township, Catawba County, North Carolina",39.6,38.2,40.7,035,91468,37
3703592152,"Mountain Creek township, Catawba County, North Carolina",45.8,45.6,46.0,035,92152,37
3704993552,"Township 7, Craven County, North Carolina",39.4,39.6,39.1,049,93552,37
3704993256,"Township 1, Craven County, North Carolina",42.0,42.1,42.0,049,93256,37
3704993508,"Township 6, Craven County, North Carolina",23.9,23.1,26.4,049,93508,37
3704993628,"Township 9, Craven County, North Carolina",38.6,38.3,40.0,049,93628,37
3704993360,"Township 3, Craven County, North Carolina",42.2,42.0,45.5,049,93360,37
3704993308,"Township 2, Craven County, North Carolina",51.7,50.7,53.1,049,93308,37
3704993592,"Township 8, Craven County, North Carolina",41.0,37.0,45.8,049,93592,37
3716392516,"Piney Grove township, Sampson County, North Carolina",31.7,31.5,32.1,163,92516,37
3716393780,"Turkey township, Sampson County, North Carolina",42.7,45.7,37.3,163,93780,37
3716393939,"Westbrook township, Sampson County, North Carolina",44.5,37.9,44.7,163,93939,37
3716392308,"North Clinton township, Sampson County, North Carolina",38.4,37.8,38.7,163,92308,37
3716390228,"Belvoir township, Sampson County, North Carolina",30.2,20.5,38.8,163,90228,37
3716391380,"Halls township, Sampson County, North Carolina",43.6,45.5,43.1,163,91380,37
3716393052,"South River township, Sampson County, North Carolina",32.1,22.0,35.2,163,93052,37
3716391164,"Franklin township, Sampson County, North Carolina",49.3,44.0,52.9,163,91164,37
3716391844,"Little Coharie township, Sampson County, North Carolina",43.1,40.6,45.8,163,91844,37
3716393032,"South Clinton township, Sampson County, North Carolina",38.9,36.5,39.8,163,93032,37
3717191168,"Franklin township, Surry County, North Carolina",45.2,45.4,45.1,171,91168,37
3717192156,"Mount Airy township, Surry County, North Carolina",44.4,41.9,45.8,171,92156,37
3717193128,"Stewarts Creek township, Surry County, North Carolina",44.3,42.9,45.1,171,93128,37
3717192936,"Shoals township, Surry County, North Carolina",45.4,44.9,45.7,171,92936,37
3717193948,"Westfield township, Surry County, North Carolina",47.0,46.5,47.5,171,93948,37
3706790216,"Belews Creek township, Forsyth County, North Carolina",43.8,45.2,41.4,067,90216,37
3712792356,"Oak Level township, Nash County, North Carolina",40.4,42.5,36.3,127,92356,37
3712790776,"Coopers township, Nash County, North Carolina",46.1,46.2,42.3,127,90776,37
3712791336,"Griffins township, Nash County, North Carolina",45.8,42.7,49.1,127,91336,37
3712790124,"Bailey township, Nash County, North Carolina",37.4,28.6,43.1,127,90124,37
3712791616,"Jackson township, Nash County, North Carolina",37.3,33.8,38.6,127,91616,37
3712792636,"Red Oak township, Nash County, North Carolina",51.8,53.0,51.0,127,92636,37
3712791100,"Ferrells township, Nash County, North Carolina",40.5,40.3,44.3,127,91100,37
3712790544,"Castalia township, Nash County, North Carolina",44.3,45.6,42.1,127,90544,37
3712790916,"Dry Wells township, Nash County, North Carolina",32.8,36.3,32.1,127,90916,37
3712792212,"Nashville township, Nash County, North Carolina",48.1,46.3,50.0,127,92212,37
3712792328,"North Whitakers township, Nash County, North Carolina",49.2,48.3,49.6,127,92328,37
3712793068,"South Whitakers township, Nash County, North Carolina",28.3,24.3,29.6,127,93068,37
3712793144,"Stony Creek township, Nash County, North Carolina",40.7,38.5,43.4,127,93144,37
3712792740,"Rocky Mount township, Nash County, North Carolina",37.9,31.7,42.3,127,92740,37
3712791976,"Mannings township, Nash County, North Carolina",43.0,42.1,43.8,127,91976,37
3700391364,"Gwaltneys township, Alexander County, North Carolina",41.3,41.5,41.1,003,91364,37
3700393228,"Taylorsville township, Alexander County, North Carolina",39.8,39.5,40.5,003,93228,37
3700392068,"Millers township, Alexander County, North Carolina",44.6,42.1,47.9,003,92068,37
3700391848,"Little River township, Alexander County, North Carolina",53.7,49.9,57.0,003,91848,37
3700391020,"Ellendale township, Alexander County, North Carolina",44.6,45.5,43.1,003,91020,37
3700393168,"Sugar Loaf township, Alexander County, North Carolina",34.6,32.6,38.9,003,93168,37
3700392908,"Sharpes township, Alexander County, North Carolina",39.4,34.3,40.9,003,92908,37
3700394086,"Wittenburg township, Alexander County, North Carolina",47.7,47.2,48.2,003,94086,37
3701790244,"Bethel township, Bladen County, North Carolina",39.7,39.6,39.7,017,90244,37
3701790604,"Central township, Bladen County, North Carolina",36.2,36.1,36.5,017,90604,37
3704993460,"Township 5, Craven County, North Carolina",44.2,44.0,45.3,049,93460,37
3706593680,"Township 10, Lower Town Creek; Edgecombe County; North Carolina",42.6,38.3,45.5,065,93680,37
3706593728,"Township 13, Cokey; Edgecombe County; North Carolina",39.0,40.8,34.5,065,93728,37
3706593744,"Township 14, Upper Town Creek; Edgecombe County; North Carolina",41.5,36.9,41.7,065,93744,37
3706593404,"Township 3, Upper Conetoe; Edgecombe County; North Carolina",54.8,57.5,51.3,065,93404,37
3706593424,"Township 4, Deep Creek; Edgecombe County; North Carolina",63.6,64.2,63.6,065,93424,37
3706593544,"Township 6, Upper Fishing Creek; Edgecombe County; North Carolina",44.3,39.2,46.7,065,93544,37
3706593708,"Township 11, Walnut Creek; Edgecombe County; North Carolina",35.4,36.6,33.9,065,93708,37
3706593344,"Township 2, Lower Conetoe; Edgecombe County; North Carolina",44.5,43.4,45.7,065,93344,37
3706593724,"Township 12, Rocky Mount; Edgecombe County; North Carolina",38.3,36.5,38.7,065,93724,37
3706593620,"Township 8, Sparta; Edgecombe County; North Carolina",34.6,36.5,33.1,065,93620,37
3706593300,"Township 1, Tarboro; Edgecombe County; North Carolina",45.6,38.0,49.4,065,93300,37
3706593484,"Township 5, Lower Fishing Creek; Edgecombe County; North Carolina",26.9,29.9,22.9,065,93484,37
3703792240,"New Hope township, Chatham County, North Carolina",49.4,49.3,49.5,037,92240,37
3703792352,"Oakland township, Chatham County, North Carolina",48.1,49.3,46.5,037,92352,37
3703794016,"Williams township, Chatham County, North Carolina",59.6,57.7,60.5,037,94016,37
3711192112,"Montford Cove township, McDowell County, North Carolina",41.1,41.8,37.6,111,92112,37
3711191236,"Glenwood township, McDowell County, North Carolina",38.5,35.6,50.0,111,91236,37
3711191984,"Marion township, McDowell County, North Carolina",42.6,38.5,46.2,111,91984,37
3711191476,"Higgins township, McDowell County, North Carolina",51.0,46.7,55.1,111,91476,37
3711190828,"Crooked Creek township, McDowell County, North Carolina",47.3,43.9,52.2,111,90828,37
3711192216,"Nebo township, McDowell County, North Carolina",43.4,43.3,43.4,111,92216,37
3711192384,"Old Fort township, McDowell County, North Carolina",44.8,41.1,47.0,111,92384,37
3711190348,"Brackett township, McDowell County, North Carolina",61.3,61.3,61.2,111,90348,37
3711192312,"North Cove township, McDowell County, North Carolina",40.2,35.9,43.1,111,92312,37
3711190940,"Dysartsville township, McDowell County, North Carolina",42.5,45.7,41.9,111,90940,37
3706990866,"Cypress Creek township, Franklin County, North Carolina",42.5,44.7,39.0,069,90866,37
3706994150,"Youngsville township, Franklin County, North Carolina",35.7,34.3,36.7,069,94150,37
3706991414,"Harris township, Franklin County, North Carolina",39.9,38.9,41.3,069,91414,37
3706990926,"Dunn township, Franklin County, North Carolina",43.8,43.5,44.0,069,90926,37
3706991170,"Franklinton township, Franklin County, North Carolina",40.6,38.9,42.1,069,91170,37
3706991258,"Gold Mine township, Franklin County, North Carolina",46.7,45.0,48.0,069,91258,37
3706991906,"Louisburg township, Franklin County, North Carolina",42.1,32.2,49.8,069,91906,37
3706991438,"Hayesville township, Franklin County, North Carolina",48.1,50.0,47.0,069,91438,37
3706990590,"Cedar Rock township, Franklin County, North Carolina",43.3,41.2,45.6,069,90590,37
3706992822,"Sandy Creek township, Franklin County, North Carolina",47.6,40.2,50.3,069,92822,37
3710190144,"Banner township, Johnston County, North Carolina",43.3,39.2,46.1,101,90144,37
3710194056,"Wilson Mills township, Johnston County, North Carolina",33.2,34.0,31.9,101,94056,37
3710190232,"Bentonville township, Johnston County, North Carolina",47.2,35.6,54.3,101,90232,37
3710190256,"Beulah township, Johnston County, North Carolina",45.9,47.4,44.7,101,90256,37
3710192024,"Meadow township, Johnston County, North Carolina",40.5,37.2,45.1,101,92024,37
3710192048,"Micro township, Johnston County, North Carolina",38.9,42.7,37.1,101,92048,37
3710192500,"Pine Level township, Johnston County, North Carolina",36.9,36.0,37.7,101,92500,37
3710192888,"Selma township, Johnston County, North Carolina",36.0,33.1,40.2,101,92888,37
3710194008,"Wilders township, Johnston County, North Carolina",36.9,34.2,38.7,101,94008,37
3710192980,"Smithfield township, Johnston County, North Carolina",38.6,35.9,41.8,101,92980,37
3710192408,"O'Neals township, Johnston County, North Carolina",39.1,36.7,40.1,101,92408,37
3710190336,"Boon Hill township, Johnston County, North Carolina",44.7,46.3,44.0,101,90336,37
3706593652,"Township 9, Otter Creek; Edgecombe County; North Carolina",42.1,37.5,45.2,065,93652,37
3706593588,"Township 7, Swift Creek; Edgecombe County; North Carolina",41.7,37.4,42.4,065,93588,37
3707790936,"Dutchville township, Granville County, North Carolina",40.6,38.3,43.1,077,90936,37
3707790356,"Brassfield township, Granville County, North Carolina",41.3,42.1,41.0,077,90356,37
3707792424,"Oxford township, Granville County, North Carolina",48.7,46.2,51.3,077,92424,37
3707793884,"Walnut Grove township, Granville County, North Carolina",45.4,45.7,45.2,077,93884,37
3707793212,"Tally Ho township, Granville County, North Carolina",41.9,39.9,45.5,077,93212,37
3707792800,"Salem township, Granville County, North Carolina",51.4,44.3,54.8,077,92800,37
3707792348,"Oak Hill township, Granville County, North Carolina",35.2,28.4,43.2,077,92348,37
3707791108,"Fishing Creek township, Granville County, North Carolina",37.2,35.4,40.2,077,91108,37
3707792844,"Sassafras Fork township, Granville County, North Carolina",53.5,50.6,56.2,077,92844,37
3708590104,"Averasboro township, Harnett County, North Carolina",41.4,37.8,43.6,085,90104,37
3708590152,"Barbecue township, Harnett County, North Carolina",31.3,31.1,31.5,085,90152,37
3708590060,"Anderson Creek township, Harnett County, North Carolina",31.3,30.7,31.8,085,90060,37
3708590292,"Black River township, Harnett County, North Carolina",35.9,34.9,39.6,085,90292,37
3708592220,"Neills Creek township, Harnett County, North Carolina",25.4,23.1,27.0,085,92220,37
3708591444,"Hectors Creek township, Harnett County, North Carolina",36.4,36.9,35.6,085,91444,37
3708593844,"Upper Little River township, Harnett County, North Carolina",35.7,35.8,35.6,085,93844,37
3708590920,"Duke township, Harnett County, North Carolina",43.8,41.1,47.6,085,90920,37
3708591668,"Johnsonville township, Harnett County, North Carolina",29.6,30.0,29.3,085,91668,37
3708593124,"Stewarts Creek township, Harnett County, North Carolina",35.9,35.1,36.4,085,93124,37
3708591812,"Lillington township, Harnett County, North Carolina",39.7,37.8,44.0,085,91812,37
3708590416,"Buckhorn township, Harnett County, North Carolina",39.2,43.2,35.6,085,90416,37
3708591348,"Grove township, Harnett County, North Carolina",38.4,37.3,39.0,085,91348,37
3709390036,"Allendale township, Hoke County, North Carolina",28.7,30.2,27.7,093,90036,37
3709391148,"Fort Bragg Military Reservation township, Hoke County, North Carolina",-666666666.0,-666666666.0,-666666666.0,093,91148,37
3709390312,"Blue Springs township, Hoke County, North Carolina",35.4,31.8,36.5,093,90312,37
3709393136,"Stonewall township, Hoke County, North Carolina",43.7,37.6,46.5,093,93136,37
3709392600,"Quewhiffle township, Hoke County, North Carolina",40.5,41.4,39.6,093,92600,37
3709392604,"Raeford township, Hoke County, North Carolina",36.1,31.6,39.6,093,92604,37
3709390068,"Antioch township, Hoke County, North Carolina",31.8,28.4,33.6,093,90068,37
3709391948,"McLauchlin township, Hoke County, North Carolina",29.2,29.3,29.1,093,91948,37
3708990972,"Edneyville township, Henderson County, North Carolina",42.5,43.1,41.8,089,90972,37
3708990796,"Crab Creek township, Henderson County, North Carolina",50.8,48.2,53.3,089,90796,37
3710190676,"Clayton township, Johnston County, North Carolina",36.1,34.6,37.7,101,90676,37
3710190688,"Cleveland township, Johnston County, North Carolina",39.3,38.5,40.0,101,90688,37
3710190992,"Elevation township, Johnston County, North Carolina",41.6,42.7,41.0,101,90992,37
3710192528,"Pleasant Grove township, Johnston County, North Carolina",36.5,36.8,35.7,101,92528,37
3710191584,"Ingrams township, Johnston County, North Carolina",36.1,34.1,36.4,101,91584,37
3710393496,"Township 5, Tuckahoe; Jones County; North Carolina",42.2,43.4,39.9,103,93496,37
3710393560,"Township 7, Beaver Creek; Jones County; North Carolina",44.1,44.1,44.0,103,93560,37
3710393396,"Township 3, Trenton; Jones County; North Carolina",45.1,42.8,45.9,103,93396,37
3710393352,"Township 2, Pollocksville; Jones County; North Carolina",48.8,44.7,50.7,103,93352,37
3710393420,"Township 4, Cypress Creek; Jones County; North Carolina",53.1,45.5,53.7,103,93420,37
3710393512,"Township 6, Chinquapin; Jones County; North Carolina",52.9,52.1,56.0,103,93512,37
3710393304,"Township 1, White Oak; Jones County; North Carolina",46.2,40.6,49.9,103,93304,37
3711391024,"Ellijay township, Macon County, North Carolina",56.4,56.5,56.4,113,91024,37
3711390792,"Cowee township, Macon County, North Carolina",51.5,50.7,51.8,113,90792,37
3711391156,"Franklin township, Macon County, North Carolina",41.9,38.0,46.5,113,91156,37
3711392974,"Smithbridge township, Macon County, North Carolina",45.1,43.7,49.4,113,92974,37
3711391480,"Highlands township, Macon County, North Carolina",59.5,56.9,62.8,113,91480,37
3711390448,"Burningtown township, Macon County, North Carolina",56.3,52.1,61.2,113,90448,37
3711391124,"Flats township, Macon County, North Carolina",57.8,58.8,57.4,113,91124,37
3711392072,"Millshoal township, Macon County, North Carolina",46.7,48.4,41.5,113,92072,37
3711390524,"Cartoogechaye township, Macon County, North Carolina",57.0,57.2,55.7,113,90524,37
3711393164,"Sugarfork township, Macon County, North Carolina",67.0,65.7,67.2,113,93164,37
3711392204,"Nantahala township, Macon County, North Carolina",44.8,47.4,43.6,113,92204,37
3714592764,"Roxboro township, Person County, North Carolina",42.0,41.2,42.6,145,92764,37
3714594100,"Woodsdale township, Person County, North Carolina",42.8,41.2,47.1,145,94100,37
3714590852,"Cunningham township, Person County, North Carolina",48.3,48.5,46.9,145,90852,37
3714591120,"Flat River township, Person County, North Carolina",43.8,39.3,48.2,145,91120,37
3714592404,"Olive Hill township, Person County, North Carolina",41.9,43.1,41.7,145,92404,37
3714592168,"Mount Tirzah township, Person County, North Carolina",45.2,45.3,44.9,145,92168,37
3714590464,"Bushy Fork township, Person County, North Carolina",44.6,54.3,40.9,145,90464,37
3714590040,"Allensville township, Person County, North Carolina",42.9,42.3,46.4,145,90040,37
3714591512,"Holloway township, Person County, North Carolina",43.8,40.6,44.8,145,91512,37
3701991884,"Lockwoods Folly township, Brunswick County, North Carolina",57.6,56.7,58.3,019,91884,37
3701992324,"Northwest township, Brunswick County, North Carolina",38.9,38.2,39.0,019,92324,37
3708991456,"Hendersonville township, Henderson County, North Carolina",51.3,48.4,53.2,089,91456,37
3708992076,"Mills River township, Henderson County, North Carolina",47.0,46.5,47.3,089,92076,37
3708991316,"Green River township, Henderson County, North Carolina",49.7,48.7,50.2,089,91316,37
3708990304,"Blue Ridge township, Henderson County, North Carolina",40.7,40.9,40.5,089,90304,37
3708991536,"Hoopers Creek township, Henderson County, North Carolina",42.1,41.1,43.5,089,91536,37
3708990680,"Clear Creek township, Henderson County, North Carolina",43.4,40.2,45.8,089,90680,37
3709592372,"Ocracoke township, Hyde County, North Carolina",35.1,35.6,32.5,095,92372,37
3709590856,"Currituck township, Hyde County, North Carolina",48.6,30.9,52.7,095,90856,37
3709593184,"Swan Quarter township, Hyde County, North Carolina",41.9,41.0,48.9,095,93184,37
3709591728,"Lake Mattamuskeet UT, Hyde County, North Carolina",-666666666.0,-666666666.0,-666666666.0,095,91728,37
3709591048,"Fairfield township, Hyde County, North Carolina",47.3,42.3,65.9,095,91048,37
3709591724,"Lake Landing township, Hyde County, North Carolina",40.7,39.9,44.1,095,91724,37
3709791076,"Fallstown township, Iredell County, North Carolina",44.7,42.8,46.2,097,91076,37
3709792244,"New Hope township, Iredell County, North Carolina",54.0,50.3,55.6,097,92244,37
3709793104,"Statesville township, Iredell County, North Carolina",38.5,36.9,39.8,097,93104,37
3709793788,"Turnersburg township, Iredell County, North Carolina",41.9,42.5,40.5,097,93788,37
3709790240,"Bethany township, Iredell County, North Carolina",37.5,37.7,37.4,097,90240,37
3709790160,"Barringer township, Iredell County, North Carolina",42.0,41.4,42.5,097,90160,37
3709790616,"Chambersburg township, Iredell County, North Carolina",39.6,36.9,41.6,097,90616,37
3709790770,"Cool Springs township, Iredell County, North Carolina",41.0,36.7,43.9,097,90770,37
3709790744,"Concord township, Iredell County, North Carolina",39.5,42.0,38.1,097,90744,37
3709790708,"Coddle Creek township, Iredell County, North Carolina",35.9,34.2,38.1,097,90708,37
3709790884,"Davidson township, Iredell County, North Carolina",42.2,41.8,42.7,097,90884,37
3709792400,"Olin township, Iredell County, North Carolina",38.6,35.3,40.4,097,92400,37
3709792912,"Sharpesburg township, Iredell County, North Carolina",44.7,41.5,45.6,097,92912,37
3709793824,"Union Grove township, Iredell County, North Carolina",49.3,46.2,50.5,097,93824,37
3709790944,"Eagle Mills township, Iredell County, North Carolina",47.9,44.8,53.1,097,90944,37
3709792924,"Shiloh township, Iredell County, North Carolina",42.0,42.1,41.9,097,92924,37
3711993268,"Township 1, Charlotte; Mecklenburg County; North Carolina",33.9,33.1,34.8,119,93268,37
3711993740,"Township 14, Pineville; Mecklenburg County; North Carolina",37.5,31.7,42.2,119,93740,37
3711993320,"Township 2, Berryhill; Mecklenburg County; North Carolina",38.6,37.0,39.7,119,93320,37
3711993492,"Township 5, Providence; Mecklenburg County; North Carolina",41.9,40.5,43.5,119,93492,37
3711993516,"Township 6, Clear Creek; Mecklenburg County; North Carolina",40.1,38.5,41.3,119,93516,37
3711993748,"Township 15, Huntersville; Mecklenburg County; North Carolina",36.6,35.5,37.6,119,93748,37
3711993564,"Township 7, Crab Orchard; Mecklenburg County; North Carolina",36.6,33.3,38.3,119,93564,37
3701992992,"Smithville township, Brunswick County, North Carolina",56.7,57.0,56.5,019,92992,37
3701992900,"Shallotte township, Brunswick County, North Carolina",59.4,59.4,59.4,019,92900,37
3701993868,"Waccamaw township, Brunswick County, North Carolina",41.0,39.5,42.6,019,93868,37
3701993252,"Town Creek township, Brunswick County, North Carolina",44.1,42.7,44.9,019,93252,37
3717591248,"Gloucester township, Transylvania County, North Carolina",31.4,35.1,29.3,175,91248,37
3717590344,"Boyd township, Transylvania County, North Carolina",42.9,39.9,45.3,175,90344,37
3717590364,"Brevard township, Transylvania County, North Carolina",45.9,41.8,51.0,175,90364,37
3717590928,"Dunns Rock township, Transylvania County, North Carolina",61.2,61.0,61.3,175,90928,37
3717590948,"Eastatoe township, Transylvania County, North Carolina",61.3,58.2,62.6,175,90948,37
3717591864,"Little River township, Transylvania County, North Carolina",55.4,57.2,54.8,175,91864,37
3717591504,"Hogback township, Transylvania County, North Carolina",54.5,57.7,54.1,175,91504,37
3717590564,"Catheys Creek township, Transylvania County, North Carolina",46.4,46.2,47.1,175,90564,37
3700991652,"Jefferson township, Ashe County, North Carolina",46.1,41.4,51.1,009,91652,37
3701793964,"White Oak township, Bladen County, North Carolina",47.7,48.6,47.5,017,93964,37
3701790860,"Cypress Creek township, Bladen County, North Carolina",41.4,27.3,56.7,017,90860,37
3701791180,"Frenches Creek township, Bladen County, North Carolina",52.5,53.4,50.4,017,91180,37
3701793784,"Turnbull township, Bladen County, North Carolina",37.0,34.8,37.1,017,93784,37
3701790296,"Bladenboro township, Bladen County, North Carolina",45.3,45.6,43.3,017,90296,37
3701790724,"Colly township, Bladen County, North Carolina",40.8,40.6,44.2,017,90724,37
3701791000,"Elizabethtown township, Bladen County, North Carolina",42.2,38.1,45.6,017,91000,37
3701791720,"Lake Creek township, Bladen County, North Carolina",50.3,50.4,50.2,017,91720,37
3701791508,"Hollow township, Bladen County, North Carolina",54.5,49.3,56.9,017,91508,37
3701790528,"Carvers Creek township, Bladen County, North Carolina",40.5,35.1,50.2,017,90528,37
3701790392,"Brown Marsh township, Bladen County, North Carolina",40.7,38.2,41.3,017,90392,37
3701790004,"Abbotts township, Bladen County, North Carolina",33.5,28.7,33.7,017,90004,37
3701793992,"Whites Creek township, Bladen County, North Carolina",60.1,50.3,62.4,017,93992,37
3705590964,"East Lake township, Dare County, North Carolina",62.5,63.0,44.8,055,90964,37
3705590096,"Atlantic township, Dare County, North Carolina",48.0,46.5,48.8,055,90096,37
3705591702,"Kinnakeet township, Dare County, North Carolina",44.1,44.0,44.1,055,91702,37
3705591424,"Hatteras township, Dare County, North Carolina",44.1,49.4,40.7,055,91424,37
3705592196,"Nags Head township, Dare County, North Carolina",43.9,43.5,45.1,055,92196,37
3705590824,"Croatan township, Dare County, North Carolina",39.8,39.8,39.5,055,90824,37
3703192000,"Marshallberg township, Carteret County, North Carolina",60.8,51.7,66.9,031,92000,37
3703192272,"Newport township, Carteret County, North Carolina",43.5,38.4,47.2,031,92272,37
3703190180,"Beaufort township, Carteret County, North Carolina",46.4,45.5,47.9,031,90180,37
3703192560,"Portsmouth township, Carteret County, North Carolina",-666666666.0,-666666666.0,-666666666.0,031,92560,37
3703190092,"Atlantic township, Carteret County, North Carolina",49.8,55.4,46.5,031,90092,37
3703192120,"Morehead township, Carteret County, North Carolina",48.5,45.4,51.0,031,92120,37
3703190888,"Davis township, Carteret County, North Carolina",46.3,55.1,38.3,031,90888,37
3703193156,"Straits township, Carteret County, North Carolina",49.6,47.5,51.1,031,93156,37
3703193088,"Stacy township, Carteret County, North Carolina",58.0,62.2,53.3,031,93088,37
3703191400,"Harlowe township, Carteret County, North Carolina",46.7,45.8,47.1,031,91400,37
3703191396,"Harkers Island township, Carteret County, North Carolina",50.9,50.7,52.9,031,91396,37
3703192040,"Merrimon township, Carteret County, North Carolina",61.9,61.2,65.7,031,92040,37
3703190588,"Cedar Island township, Carteret County, North Carolina",36.0,35.9,36.0,031,90588,37
3703193000,"Smyrna township, Carteret County, North Carolina",51.9,47.7,52.6,031,93000,37
3703193968,"White Oak township, Carteret County, North Carolina",46.2,45.5,47.0,031,93968,37
3700992364,"Obids township, Ashe County, North Carolina",33.7,30.7,43.3,009,92364,37
3700991540,"Horse Creek township, Ashe County, North Carolina",48.4,48.1,48.7,009,91540,37
3700991740,"Laurel township, Ashe County, North Carolina",43.8,35.9,45.3,009,91740,37
3700992316,"North Fork township, Ashe County, North Carolina",51.5,56.5,43.9,009,92316,37
3700990648,"Chestnut Hill township, Ashe County, North Carolina",43.9,28.2,50.3,009,90648,37
3700991282,"Grassy Creek township, Ashe County, North Carolina",51.5,50.5,55.6,009,91282,37
3700992504,"Pine Swamp township, Ashe County, North Carolina",51.6,53.5,50.6,009,92504,37
3700993892,"Walnut Hill township, Ashe County, North Carolina",52.2,58.4,46.6,009,93892,37
3700990696,"Clifton township, Ashe County, North Carolina",40.4,40.1,42.1,009,90696,37
3700990820,"Creston township, Ashe County, North Carolina",59.8,57.8,66.7,009,90820,37
3700992376,"Old Fields township, Ashe County, North Carolina",57.6,54.9,61.6,009,92376,37
3700992456,"Peak Creek township, Ashe County, North Carolina",52.8,53.1,52.8,009,92456,37
3700992544,"Pond Mountain township, Ashe County, North Carolina",51.0,46.7,53.4,009,92544,37
3700991004,"Elk township, Ashe County, North Carolina",39.0,39.5,35.0,009,91004,37
3700993956,"West Jefferson township, Ashe County, North Carolina",46.5,46.6,46.1,009,93956,37
3700992512,"Piney Creek township, Ashe County, North Carolina",41.1,42.7,36.7,009,92512,37
3700991448,"Helton township, Ashe County, North Carolina",54.5,55.9,53.9,009,91448,37
3700991568,"Hurricane township, Ashe County, North Carolina",46.0,46.4,43.6,009,91568,37
3701393904,"Washington township, Beaufort County, North Carolina",41.4,39.6,44.3,013,93904,37
3701390664,"Chocowinity township, Beaufort County, North Carolina",48.4,48.1,50.3,013,90664,37
3701392664,"Richland township, Beaufort County, North Carolina",50.1,53.7,47.0,013,92664,37
3701390168,"Bath township, Beaufort County, North Carolina",53.1,52.2,54.2,013,90168,37
3711993736,"Township 13, Morning Star; Mecklenburg County; North Carolina",43.4,40.6,45.4,119,93736,37
3711993600,"Township 8, Mallard Creek; Mecklenburg County; North Carolina",38.5,38.6,36.9,119,93600,37
3711993700,"Township 11, Long Creek; Mecklenburg County; North Carolina",36.4,36.3,36.5,119,93700,37
3711993720,"Township 12, Paw Creek; Mecklenburg County; North Carolina",37.0,34.9,37.7,119,93720,37
3711993636,"Township 9, Deweese; Mecklenburg County; North Carolina",36.6,35.3,38.2,119,93636,37
3711993668,"Township 10, Lemley; Mecklenburg County; North Carolina",41.6,39.7,43.4,119,93668,37
3713191708,"Kirby township, Northampton County, North Carolina",49.9,42.4,54.0,131,91708,37
3713194004,"Wiccacanee township, Northampton County, North Carolina",42.5,32.8,44.9,131,94004,37
3713192536,"Pleasant Hill township, Northampton County, North Carolina",46.7,46.4,59.1,131,92536,37
3713192696,"Roanoke township, Northampton County, North Carolina",42.6,37.9,46.8,131,92696,37
3713192880,"Seaboard township, Northampton County, North Carolina",55.0,56.4,55.0,131,92880,37
3713191212,"Gaston township, Northampton County, North Carolina",51.6,50.6,53.4,131,91212,37
3713192368,"Oconeechee township, Northampton County, North Carolina",47.3,42.0,52.6,131,92368,37
3713192676,"Rich Square township, Northampton County, North Carolina",46.0,45.2,46.9,131,92676,37
3713191620,"Jackson township, Northampton County, North Carolina",64.2,58.1,67.5,131,91620,37
3714790652,"Chicod township, Pitt County, North Carolina",42.3,42.2,42.4,147,90652,37
3714790080,"Arthur township, Pitt County, North Carolina",37.0,32.9,39.3,147,90080,37
3714791344,"Grimesland township, Pitt County, North Carolina",38.4,38.4,38.4,147,91344,37
3714793196,"Swift Creek township, Pitt County, North Carolina",35.8,34.4,41.5,147,93196,37
3714792428,"Pactolus township, Pitt County, North Carolina",30.8,30.7,31.1,147,92428,37
3714790224,"Belvoir township, Pitt County, North Carolina",33.1,24.1,38.4,147,90224,37
3714791084,"Farmville township, Pitt County, North Carolina",36.0,35.6,37.2,147,91084,37
3714790252,"Bethel township, Pitt County, North Carolina",53.3,55.3,52.6,147,90252,37
3714791340,"Grifton township, Pitt County, North Carolina",40.9,41.7,37.8,147,91340,37
3714791152,"Fountain township, Pitt County, North Carolina",53.2,46.8,60.0,147,91152,37
3714790512,"Carolina township, Pitt County, North Carolina",43.6,42.8,44.8,147,90512,37
3714791328,"Greenville township, Pitt County, North Carolina",24.3,23.5,25.1,147,91328,37
3714794072,"Winterville township, Pitt County, North Carolina",34.4,33.8,34.9,147,94072,37
3714791064,"Falkland township, Pitt County, North Carolina",40.7,39.2,42.4,147,91064,37
3714790112,"Ayden township, Pitt County, North Carolina",37.6,37.7,37.5,147,90112,37
3715991840,"Litaker township, Rowan County, North Carolina",42.2,39.8,43.2,159,91840,37
3715992860,"Scotch Irish township, Rowan County, North Carolina",40.2,45.5,37.4,159,92860,37
3715991256,"Gold Hill township, Rowan County, North Carolina",40.2,39.2,41.1,159,91256,37
3715992172,"Mount Ulla township, Rowan County, North Carolina",40.4,36.4,42.7,159,92172,37
3717190908,"Dobson township, Surry County, North Carolina",39.6,37.0,41.3,171,90908,37
3717190984,"Eldora township, Surry County, North Carolina",44.4,45.2,44.0,171,90984,37
3717192496,"Pilot township, Surry County, North Carolina",41.1,35.0,43.3,171,92496,37
3717192732,"Rockford township, Surry County, North Carolina",39.9,40.9,34.6,171,92732,37
3717192948,"Siloam township, Surry County, North Carolina",42.3,41.2,47.2,171,92948,37
3717193064,"South Westfield township, Surry County, North Carolina",41.7,41.0,42.4,171,93064,37
3717190412,"Bryan township, Surry County, North Carolina",50.1,50.4,49.5,171,90412,37
3717191996,"Marsh township, Surry County, North Carolina",35.0,34.0,35.1,171,91996,37
3717191016,"Elkin township, Surry County, North Carolina",44.5,39.2,48.9,171,91016,37
3717191904,"Long Hill township, Surry County, North Carolina",47.8,48.0,47.1,171,91904,37
3719792321,"North Knobs township, Yadkin County, North Carolina",39.6,41.1,38.6,197,92321,37
3719792322,"North Liberty township, Yadkin County, North Carolina",43.8,42.8,44.7,197,92322,37
3719792314,"North Fall Creek township, Yadkin County, North Carolina",50.2,49.2,51.3,197,92314,37
3719790892,"Deep Creek township, Yadkin County, North Carolina",43.4,42.6,43.7,197,90892,37
3719791128,"Forbush township, Yadkin County, North Carolina",42.8,42.6,43.6,197,91128,37
3719792302,"North Buck Shoals township, Yadkin County, North Carolina",44.0,42.8,44.5,197,92302,37
3719793030,"South Buck Shoals township, Yadkin County, North Carolina",29.6,31.5,29.1,197,93030,37
3719793034,"South Fall Creek township, Yadkin County, North Carolina",43.8,38.9,48.0,197,93034,37
3719793042,"South Liberty township, Yadkin County, North Carolina",43.1,40.9,43.5,197,93042,37
3719790340,"Boonville township, Yadkin County, North Carolina",45.9,45.0,47.9,197,90340,37
3719790952,"East Bend township, Yadkin County, North Carolina",42.5,39.2,45.7,197,90952,37
3719793041,"South Knobs township, Yadkin County, North Carolina",56.9,57.2,54.8,197,93041,37
3701191018,"Elk Park township, Avery County, North Carolina",40.6,25.8,53.0,011,91018,37
3701191582,"Ingalls township, Avery County, North Carolina",44.0,42.9,49.1,011,91582,37
3701192110,"Montezuma township, Avery County, North Carolina",65.3,75.5,61.8,011,92110,37
3701192262,"Newland No. 1 township, Avery County, North Carolina",45.6,45.1,48.0,011,92262,37
3701192263,"Newland No. 2 township, Avery County, North Carolina",41.7,41.2,47.4,011,92263,37
3701192538,"Plumtree township, Avery County, North Carolina",52.3,55.2,48.5,011,92538,37
3702391832,"Linville township, Burke County, North Carolina",53.6,51.7,53.8,023,91832,37
3702391920,"Lower Creek township, Burke County, North Carolina",43.0,42.5,43.9,023,91920,37
3702391912,"Lovelady township, Burke County, North Carolina",48.0,45.7,49.9,023,91912,37
3702392136,"Morganton township, Burke County, North Carolina",43.6,41.3,46.0,023,92136,37
3702392996,"Smoky Creek township, Burke County, North Carolina",56.1,58.0,53.8,023,92996,37
3702393832,"Upper Creek township, Burke County, North Carolina",52.7,56.4,52.4,023,93832,37
3702392952,"Silver Creek township, Burke County, North Carolina",40.6,38.8,41.3,023,92952,37
3702593284,"Township 1, Harrisburg; Cabarrus County; North Carolina",39.1,37.9,40.1,025,93284,37
3702593488,"Township 5, New Gilead; Cabarrus County; North Carolina",42.8,43.7,42.2,025,93488,37
3702593380,"Township 3, Odell; Cabarrus County; North Carolina",36.3,35.9,36.6,025,93380,37
3702593688,"Township 10, Midland; Cabarrus County; North Carolina",42.3,40.7,43.2,025,93688,37
3702593716,"Township 12, Concord; Cabarrus County; North Carolina",35.5,31.9,38.9,025,93716,37
3702593644,"Township 9, Georgeville; Cabarrus County; North Carolina",39.3,34.2,43.0,025,93644,37
3702593436,"Township 4, Kannapolis; Cabarrus County; North Carolina",35.4,34.5,36.1,025,93436,37
3702593696,"Township 11, Central Cabarrus; Cabarrus County; North Carolina",35.8,34.7,38.0,025,93696,37
3702593572,"Township 7, Gold Hill; Cabarrus County; North Carolina",45.4,45.6,45.0,025,93572,37
3702593356,"Township 2, Poplar Tent; Cabarrus County; North Carolina",39.1,38.2,40.0,025,93356,37
3702593532,"Township 6, Rimertown; Cabarrus County; North Carolina",45.0,45.4,44.2,025,93532,37
3702593604,"Township 8, Mount Pleasant; Cabarrus County; North Carolina",43.5,43.2,43.9,025,93604,37
3703390880,"Dan River township, Caswell County, North Carolina",45.6,40.0,48.5,033,90880,37
3703391492,"Hightowers township, Caswell County, North Carolina",49.4,47.5,49.8,033,91492,37
3703394120,"Yanceyville township, Caswell County, North Carolina",45.8,39.9,55.6,033,94120,37
3703390056,"Anderson township, Caswell County, North Carolina",38.8,37.9,43.5,033,90056,37
3703392080,"Milton township, Caswell County, North Carolina",49.0,48.4,49.4,033,92080,37
3703392468,"Pelham township, Caswell County, North Carolina",48.0,43.3,51.3,033,92468,37
3703391756,"Leasburg township, Caswell County, North Carolina",27.4,26.5,30.7,033,91756,37
3703391888,"Locust Hill township, Caswell County, North Carolina",46.9,46.6,47.1,033,91888,37
3705990668,"Clarksville township, Davie County, North Carolina",37.9,32.0,42.1,059,90668,37
3703192884,"Sea Level township, Carteret County, North Carolina",50.4,50.3,54.0,031,92884,37
3718591432,"Hawtree township, Warren County, North Carolina",41.8,47.2,31.9,185,91432,37
3718592940,"Shocco township, Warren County, North Carolina",49.7,42.2,56.4,185,92940,37
3718591132,"Fork township, Warren County, North Carolina",40.4,43.6,38.5,185,91132,37
3718591684,"Judkins township, Warren County, North Carolina",56.4,54.6,60.9,185,91684,37
3718592688,"River township, Warren County, North Carolina",57.6,57.8,57.1,185,92688,37
3718592828,"Sandy Creek township, Warren County, North Carolina",40.4,36.4,43.5,185,92828,37
3718592964,"Sixpound township, Warren County, North Carolina",56.7,60.8,54.0,185,92964,37
3718591112,"Fishing Creek township, Warren County, North Carolina",40.5,36.4,43.5,185,91112,37
3718592700,"Roanoke township, Warren County, North Carolina",61.8,63.5,60.2,185,92700,37
3718593896,"Warrenton township, Warren County, North Carolina",41.3,36.6,43.2,185,93896,37
3718592340,"Nutbush township, Warren County, North Carolina",49.3,46.7,56.8,185,92340,37
3718592976,"Smith Creek township, Warren County, North Carolina",47.1,37.2,54.1,185,92976,37
3719590276,"Black Creek township, Wilson County, North Carolina",41.0,38.4,46.1,195,90276,37
3719593096,"Stantonsburg township, Wilson County, North Carolina",43.2,42.7,44.4,195,93096,37
3719594048,"Wilson township, Wilson County, North Carolina",39.7,38.8,40.1,195,94048,37
3719592840,"Saratoga township, Wilson County, North Carolina",48.1,48.5,45.8,195,92840,37
3719591208,"Gardners township, Wilson County, North Carolina",41.6,35.3,45.4,195,91208,37
3719592380,"Old Fields township, Wilson County, North Carolina",41.7,33.8,45.2,195,92380,37
3719593084,"Springhill township, Wilson County, North Carolina",39.6,34.0,41.3,195,93084,37
3719593220,"Taylors township, Wilson County, North Carolina",35.7,31.8,39.3,195,93220,37
3719593244,"Toisnot township, Wilson County, North Carolina",44.9,43.9,47.4,195,93244,37
3719590840,"Cross Roads township, Wilson County, North Carolina",44.2,46.6,43.0,195,90840,37
3701592044,"Merry Hill township, Bertie County, North Carolina",54.8,56.1,51.1,015,92044,37
3701590712,"Colerain township, Bertie County, North Carolina",39.1,35.6,43.7,015,90712,37
3701593988,"Whites township, Bertie County, North Carolina",49.7,45.0,57.5,015,93988,37
3701594104,"Woodville township, Bertie County, North Carolina",43.0,41.6,48.9,015,94104,37
3701591580,"Indian Woods township, Bertie County, North Carolina",52.9,52.8,54.3,015,91580,37
3701592768,"Roxobel township, Bertie County, North Carolina",48.0,48.3,47.2,015,92768,37
3701594064,"Windsor township, Bertie County, North Carolina",45.1,39.1,52.2,015,94064,37
3707392660,"Reynoldson township, Gates County, North Carolina",45.1,42.0,49.9,073,92660,37
3707391520,"Holly Grove township, Gates County, North Carolina",46.8,52.9,40.9,073,91520,37
3707392092,"Mintonsville township, Gates County, North Carolina",48.1,48.3,48.1,073,92092,37
3707391376,"Hall township, Gates County, North Carolina",46.7,48.2,46.1,073,91376,37
3707391420,"Haslett township, Gates County, North Carolina",36.3,35.1,40.6,073,91420,37
3707391560,"Hunters Mill township, Gates County, North Carolina",40.5,39.5,40.6,073,91560,37
3707391220,"Gatesville township, Gates County, North Carolina",49.6,47.1,52.7,073,91220,37
3707590636,"Cheoah township, Graham County, North Carolina",41.8,40.4,44.3,075,90636,37
3707594124,"Yellow Creek township, Graham County, North Carolina",45.2,37.4,48.5,075,94124,37
3707593108,"Stecoah township, Graham County, North Carolina",52.5,53.2,52.1,075,93108,37
3711791644,"Jamesville township, Martin County, North Carolina",44.1,41.3,47.2,117,91644,37
3711791332,"Griffins township, Martin County, North Carolina",46.8,54.5,41.7,117,91332,37
3711794040,"Williamston township, Martin County, North Carolina",44.7,43.7,45.0,117,94040,37
3711790836,"Cross Roads township, Martin County, North Carolina",36.3,35.2,44.3,117,90836,37
3711791268,"Goose Nest township, Martin County, North Carolina",48.2,44.1,54.0,117,91268,37
3711792712,"Robersonville township, Martin County, North Carolina",43.3,38.3,46.3,117,92712,37
3711790176,"Beargrass township, Martin County, North Carolina",46.6,46.6,46.6,117,90176,37
3711791388,"Hamilton township, Martin County, North Carolina",58.3,58.1,60.1,117,91388,37
3711794024,"Williams township, Martin County, North Carolina",50.1,41.5,55.2,117,94024,37
3711792556,"Poplar Point township, Martin County, North Carolina",60.6,60.6,49.5,117,92556,37
3711593624,"Township 8, Spring Creek; Madison County; North Carolina",48.0,48.0,47.8,115,93624,37
3711593290,"Township 1, North Marshall; Madison County; North Carolina",48.0,45.1,52.4,115,93290,37
3711593500,"Township 5, Walnut; Madison County; North Carolina",44.7,49.2,43.2,115,93500,37
3711593528,"Township 6, Hot Springs; Madison County; North Carolina",46.9,46.4,47.2,115,93528,37
3711593298,"Township 1, South Marshall; Madison County; North Carolina",45.2,43.6,45.8,115,93298,37
3711593376,"Township 3, Mars Hill; Madison County; North Carolina",34.5,27.2,41.9,115,93376,37
3711593654,"Township 9, Sandy Mush; Madison County; North Carolina",67.9,71.5,67.4,115,93654,37
3711593340,"Township 2, Laurel; Madison County; North Carolina",50.7,44.9,52.5,115,93340,37
3711593660,"Township 10, Grapevine; Madison County; North Carolina",42.3,41.5,42.9,115,93660,37
3711593416,"Township 4, Beech Glenn; Madison County; North Carolina",41.5,37.8,42.0,115,93416,37
3711593568,"Township 7, Ebbs Chapel; Madison County; North Carolina",48.7,48.9,47.7,115,93568,37
3713793312,"Township 2, Pamlico County, North Carolina",61.0,58.8,62.6,137,93312,37
3713793364,"Township 3, Pamlico County, North Carolina",38.2,35.4,42.3,137,93364,37
3713793260,"Township 1, Pamlico County, North Carolina",43.0,43.9,40.7,137,93260,37
3713793412,"Township 4, Pamlico County, North Carolina",42.1,41.1,53.0,137,93412,37
3713793464,"Township 5, Pamlico County, North Carolina",58.0,58.5,57.3,137,93464,37
3714390220,"Belvidere township, Perquimans County, North Carolina",50.5,50.1,50.9,143,90220,37
3714392248,"New Hope township, Perquimans County, North Carolina",46.0,43.8,48.2,143,92248,37
3714390248,"Bethel township, Perquimans County, North Carolina",57.6,58.0,57.6,143,90248,37
3714391464,"Hertford township, Perquimans County, North Carolina",42.9,45.9,36.8,143,91464,37
3714392448,"Parkville township, Perquimans County, North Carolina",40.9,37.3,45.0,143,92448,37
