geoid,name,median,county,county subdivision,state
3108192543,"Precinct 8, Hamilton County, Nebraska",-666666666.0,081,92543,31
3108192523,"Precinct 6, Hamilton County, Nebraska",-666666666.0,081,92523,31
3108192473,"Precinct 1, Hamilton County, Nebraska",-666666666.0,081,92473,31
3108192483,"Precinct 2, Hamilton County, Nebraska",-666666666.0,081,92483,31
3108192503,"Precinct 4, Hamilton County, Nebraska",-666666666.0,081,92503,31
3108192533,"Precinct 7, Hamilton County, Nebraska",-666666666.0,081,92533,31
3108192493,"Precinct 3, Hamilton County, Nebraska",-666666666.0,081,92493,31
3109592110,"Newton precinct, Jefferson County, Nebraska",-666666666.0,095,92110,31
3109592405,"Pleasant precinct, Jefferson County, Nebraska",-666666666.0,095,92405,31
3109592760,"Rock Creek precinct, Jefferson County, Nebraska",-666666666.0,095,92760,31
3100990355,"Brewster precinct, Blaine County, Nebraska",-666666666.0,009,90355,31
3100990765,"Dunning precinct, Blaine County, Nebraska",-666666666.0,009,90765,31
3100992690,"Purdum precinct, Blaine County, Nebraska",-666666666.0,009,92690,31
3103790005,"Adams precinct, Colfax County, Nebraska",-666666666.0,037,90005,31
3103792868,"Schuyler city, Colfax County, Nebraska",-666666666.0,037,92868,31
3103791755,"Lincoln precinct, Colfax County, Nebraska",-666666666.0,037,91755,31
3103792725,"Richland precinct, Colfax County, Nebraska",-666666666.0,037,92725,31
3103791975,"Midland precinct, Colfax County, Nebraska",-666666666.0,037,91975,31
3103792780,"Rogers precinct, Colfax County, Nebraska",-666666666.0,037,92780,31
3103791920,"Maple Creek precinct, Colfax County, Nebraska",-666666666.0,037,91920,31
310012900,"Ayr township, Adams County, Nebraska",-666666666.0,001,2900,31
3100128385,"Little Blue township, Adams County, Nebraska",-666666666.0,001,28385,31
3100150545,"Verona township, Adams County, Nebraska",-666666666.0,001,50545,31
3100145470,"Silver Lake township, Adams County, Nebraska",-666666666.0,001,45470,31
3100110810,"Cottonwood township, Adams County, Nebraska",-666666666.0,001,10810,31
3100120855,"Hanover township, Adams County, Nebraska",-666666666.0,001,20855,31
3100125195,"Kenesaw township, Adams County, Nebraska",-666666666.0,001,25195,31
3100142390,"Roseland township, Adams County, Nebraska",-666666666.0,001,42390,31
3109592730,"Richland precinct, Jefferson County, Nebraska",-666666666.0,095,92730,31
3109590935,"Eureka precinct, Jefferson County, Nebraska",-666666666.0,095,90935,31
3109591115,"Gibson precinct, Jefferson County, Nebraska",-666666666.0,095,91115,31
3109590620,"Cub Creek precinct, Jefferson County, Nebraska",-666666666.0,095,90620,31
3109590940,"Fairbury precinct, Jefferson County, Nebraska",-666666666.0,095,90940,31
3109591540,"Jefferson precinct, Jefferson County, Nebraska",-666666666.0,095,91540,31
3109591955,"Meridian precinct, Jefferson County, Nebraska",-666666666.0,095,91955,31
3109593350,"Washington precinct, Jefferson County, Nebraska",-666666666.0,095,93350,31
3109590055,"Antelope precinct, Jefferson County, Nebraska",-666666666.0,095,90055,31
3109590915,"Endicott precinct, Jefferson County, Nebraska",-666666666.0,095,90915,31
3109590938,"Fairbury city, Jefferson County, Nebraska",-666666666.0,095,90938,31
3109591770,"Lincoln precinct, Jefferson County, Nebraska",-666666666.0,095,91770,31
3109590405,"Buckley precinct, Jefferson County, Nebraska",-666666666.0,095,90405,31
3109592450,"Plymouth precinct, Jefferson County, Nebraska",-666666666.0,095,92450,31
3109934055,"Newark township, Kearney County, Nebraska",-666666666.0,099,34055,31
3109927050,"Liberty township, Kearney County, Nebraska",-666666666.0,099,27050,31
3109927295,"Lincoln township, Kearney County, Nebraska",-666666666.0,099,27295,31
3109929610,"Lowell township, Kearney County, Nebraska",-666666666.0,099,29610,31
3109937070,"Oneida township, Kearney County, Nebraska",-666666666.0,099,37070,31
3109931255,"May township, Kearney County, Nebraska",-666666666.0,099,31255,31
310995315,"Blaine township, Kearney County, Nebraska",-666666666.0,099,5315,31
3109928840,"Logan township, Kearney County, Nebraska",-666666666.0,099,28840,31
3109910670,"Cosmo township, Kearney County, Nebraska",-666666666.0,099,10670,31
3109914345,"Eaton township, Kearney County, Nebraska",-666666666.0,099,14345,31
3109944980,"Sherman township, Kearney County, Nebraska",-666666666.0,099,44980,31
3109921625,"Hayes township, Kearney County, Nebraska",-666666666.0,099,21625,31
3109919875,"Grant township, Kearney County, Nebraska",-666666666.0,099,19875,31
3109932375,"Mirage township, Kearney County, Nebraska",-666666666.0,099,32375,31
3110192218,"Ogallala city, Keith County, Nebraska",-666666666.0,101,92218,31
3110190385,"Brule precinct, Keith County, Nebraska",-666666666.0,101,90385,31
3110192807,"Rural Ogallala precinct, Keith County, Nebraska",-666666666.0,101,92807,31
3110191820,"Logan precinct, Keith County, Nebraska",-666666666.0,101,91820,31
3110191840,"Lonergan precinct, Keith County, Nebraska",-666666666.0,101,91840,31
3110193470,"Whitetail precinct, Keith County, Nebraska",-666666666.0,101,93470,31
3110192325,"Paxton precinct, Keith County, Nebraska",-666666666.0,101,92325,31
3111591580,"Kent precinct, Loup County, Nebraska",-666666666.0,115,91580,31
3111591905,"Madison Square precinct, Loup County, Nebraska",-666666666.0,115,91905,31
3103792920,"Shell Creek precinct, Colfax County, Nebraska",-666666666.0,037,92920,31
3103793520,"Wilson precinct, Colfax County, Nebraska",-666666666.0,037,93520,31
3103793070,"Stanton precinct, Colfax County, Nebraska",-666666666.0,037,93070,31
3103791190,"Grant precinct, Colfax County, Nebraska",-666666666.0,037,91190,31
3103792870,"Schuyler precinct, Colfax County, Nebraska",-666666666.0,037,92870,31
3103790560,"Colfax precinct, Colfax County, Nebraska",-666666666.0,037,90560,31
3104990250,"Big Springs precinct, Deuel County, Nebraska",-666666666.0,049,90250,31
3104993150,"Swan precinct, Deuel County, Nebraska",-666666666.0,049,93150,31
3104990495,"Chappell precinct, Deuel County, Nebraska",-666666666.0,049,90495,31
3108793275,"Upper Driftwood precinct, Hitchcock County, Nebraska",-666666666.0,087,93275,31
3108793380,"Webster precinct, Hitchcock County, Nebraska",-666666666.0,087,93380,31
3108790575,"Cornell precinct, Hitchcock County, Nebraska",-666666666.0,087,90575,31
3108790840,"Eden precinct, Hitchcock County, Nebraska",-666666666.0,087,90840,31
3108791030,"Freedom precinct, Hitchcock County, Nebraska",-666666666.0,087,91030,31
3108792410,"Pleasant Hill precinct, Hitchcock County, Nebraska",-666666666.0,087,92410,31
3108792425,"Pleasant View precinct, Hitchcock County, Nebraska",-666666666.0,087,92425,31
3108793255,"Union precinct, Hitchcock County, Nebraska",-666666666.0,087,93255,31
3108790240,"Beverly precinct, Hitchcock County, Nebraska",-666666666.0,087,90240,31
3108793215,"Trenton precinct, Hitchcock County, Nebraska",-666666666.0,087,93215,31
3108790260,"Blackwood precinct, Hitchcock County, Nebraska",-666666666.0,087,90260,31
3108790625,"Culbertson precinct, Hitchcock County, Nebraska",-666666666.0,087,90625,31
3108790745,"Driftwood precinct, Hitchcock County, Nebraska",-666666666.0,087,90745,31
3108791815,"Logan precinct, Hitchcock County, Nebraska",-666666666.0,087,91815,31
3108793090,"Starkey precinct, Hitchcock County, Nebraska",-666666666.0,087,93090,31
3108791210,"Grant precinct, Hitchcock County, Nebraska",-666666666.0,087,91210,31
3108792750,"Riverside precinct, Hitchcock County, Nebraska",-666666666.0,087,92750,31
3108793130,"Stratton precinct, Hitchcock County, Nebraska",-666666666.0,087,93130,31
3108792740,"Ridnour precinct, Hitchcock County, Nebraska",-666666666.0,087,92740,31
3108792295,"Palisade precinct, Hitchcock County, Nebraska",-666666666.0,087,92295,31
3111391055,"Gandy precinct, Logan County, Nebraska",-666666666.0,113,91055,31
3111391825,"Logan precinct, Logan County, Nebraska",-666666666.0,113,91825,31
3111393080,"Stapleton No. 1 precinct, Logan County, Nebraska",-666666666.0,113,93080,31
3111393085,"Stapleton No. 2 precinct, Logan County, Nebraska",-666666666.0,113,93085,31
3114129435,"Loup township, Platte County, Nebraska",-666666666.0,141,29435,31
3114132620,"Monroe township, Platte County, Nebraska",-666666666.0,141,32620,31
310015210,"Blaine township, Adams County, Nebraska",-666666666.0,001,5210,31
3100121415,"Hastings city, Adams County, Nebraska",-666666666.0,001,21415,31
3100151315,"Wanda township, Adams County, Nebraska",-666666666.0,001,51315,31
3100152155,"West Blue township, Adams County, Nebraska",-666666666.0,001,52155,31
3100122360,"Highland township, Adams County, Nebraska",-666666666.0,001,22360,31
3100124985,"Juniata township, Adams County, Nebraska",-666666666.0,001,24985,31
3100154150,"Zero township, Adams County, Nebraska",-666666666.0,001,54150,31
3100112805,"Denver township, Adams County, Nebraska",-666666666.0,001,12805,31
3100128490,"Logan township, Adams County, Nebraska",-666666666.0,001,28490,31
3116192185,"North Rushville precinct, Sheridan County, Nebraska",-666666666.0,161,92185,31
3116193015,"South Rushville precinct, Sheridan County, Nebraska",-666666666.0,161,93015,31
3116192005,"Mirage precinct, Sheridan County, Nebraska",-666666666.0,161,92005,31
3116192808,"Rushville city, Sheridan County, Nebraska",-666666666.0,161,92808,31
3116190795,"East Gordon precinct, Sheridan County, Nebraska",-666666666.0,161,90795,31
3116193555,"Wounded Knee precinct, Sheridan County, Nebraska",-666666666.0,161,93555,31
3116191355,"Hay Springs precinct, Sheridan County, Nebraska",-666666666.0,161,91355,31
3116193425,"West Gordon precinct, Sheridan County, Nebraska",-666666666.0,161,93425,31
3116191167,"Gordon city, Sheridan County, Nebraska",-666666666.0,161,91167,31
3110992140,"North Bluff precinct, Lancaster County, Nebraska",-666666666.0,109,92140,31
3110992080,"Nemaha precinct, Lancaster County, Nebraska",-666666666.0,109,92080,31
3110990685,"Denton precinct, Lancaster County, Nebraska",-666666666.0,109,90685,31
3110990860,"Elk precinct, Lancaster County, Nebraska",-666666666.0,109,90860,31
3110991215,"Grant precinct, Lancaster County, Nebraska",-666666666.0,109,91215,31
3110991405,"Highland precinct, Lancaster County, Nebraska",-666666666.0,109,91405,31
3110992210,"Oak precinct, Lancaster County, Nebraska",-666666666.0,109,92210,31
3110991675,"Lancaster precinct, Lancaster County, Nebraska",-666666666.0,109,91675,31
3110992855,"Saltillo precinct, Lancaster County, Nebraska",-666666666.0,109,92855,31
3110993000,"South Pass precinct, Lancaster County, Nebraska",-666666666.0,109,93000,31
3110993110,"Stockton precinct, Lancaster County, Nebraska",-666666666.0,109,93110,31
3110991985,"Mill precinct, Lancaster County, Nebraska",-666666666.0,109,91985,31
3110992230,"Olive Branch precinct, Lancaster County, Nebraska",-666666666.0,109,92230,31
3110991777,"Lincoln precinct, Lancaster County, Nebraska",-666666666.0,109,91777,31
3107591495,"Hyannis precinct, Grant County, Nebraska",-666666666.0,075,91495,31
3107590090,"Ashby precinct, Grant County, Nebraska",-666666666.0,075,90090,31
3107593480,"Whitman precinct, Grant County, Nebraska",-666666666.0,075,93480,31
3107791235,"Greeley precinct, Greeley County, Nebraska",-666666666.0,077,91235,31
3107793028,"Spalding precinct, Greeley County, Nebraska",-666666666.0,077,93028,31
3107792873,"Scotia precinct, Greeley County, Nebraska",-666666666.0,077,92873,31
3107921135,"Harrison township, Hall County, Nebraska",-666666666.0,079,21135,31
310798325,"Center township, Hall County, Nebraska",-666666666.0,079,8325,31
3107931290,"Mayfield township, Hall County, Nebraska",-666666666.0,079,31290,31
3107930870,"Martin township, Hall County, Nebraska",-666666666.0,079,30870,31
310797800,"Cameron township, Hall County, Nebraska",-666666666.0,079,7800,31
3107940080,"Prairie Creek township, Hall County, Nebraska",-666666666.0,079,40080,31
3107945785,"South Loup township, Hall County, Nebraska",-666666666.0,079,45785,31
3107951455,"Washington township, Hall County, Nebraska",-666666666.0,079,51455,31
3107913400,"Doniphan township, Hall County, Nebraska",-666666666.0,079,13400,31
3107953695,"Wood River township, Hall County, Nebraska",-666666666.0,079,53695,31
3107925930,"Lake township, Hall County, Nebraska",-666666666.0,079,25930,31
3107945960,"South Platte township, Hall County, Nebraska",-666666666.0,079,45960,31
31079660,"Alda township, Hall County, Nebraska",-666666666.0,079,660,31
3107924390,"Jackson township, Hall County, Nebraska",-666666666.0,079,24390,31
3107919595,"Grand Island city, Hall County, Nebraska",59010.0,079,19595,31
3108593160,"Swan Lake precinct, Hayes County, Nebraska",-666666666.0,085,93160,31
3108593295,"Valley precinct, Hayes County, Nebraska",-666666666.0,085,93295,31
3113190230,"Berlin precinct, Otoe County, Nebraska",-666666666.0,131,90230,31
3113191380,"Hendricks precinct, Otoe County, Nebraska",-666666666.0,131,91380,31
3113192998,"South Palmyra precinct, Otoe County, Nebraska",-666666666.0,131,92998,31
3113190201,"Belmont precinct, Otoe County, Nebraska",-666666666.0,131,90201,31
3113191895,"McWilliams precinct, Otoe County, Nebraska",-666666666.0,131,91895,31
3113192770,"Rock Creek precinct, Otoe County, Nebraska",-666666666.0,131,92770,31
3113192970,"South Branch precinct, Otoe County, Nebraska",-666666666.0,131,92970,31
3113192063,"Nebraska City city, Otoe County, Nebraska",-666666666.0,131,92063,31
3113192187,"North Russell precinct, Otoe County, Nebraska",-666666666.0,131,92187,31
3113192280,"Otoe precinct, Otoe County, Nebraska",-666666666.0,131,92280,31
3113193565,"Wyoming precinct, Otoe County, Nebraska",-666666666.0,131,93565,31
3113192174,"North Palmyra precinct, Otoe County, Nebraska",-666666666.0,131,92174,31
3113193163,"Syracuse precinct, Otoe County, Nebraska",-666666666.0,131,93163,31
3113191020,"Four Mile precinct, Otoe County, Nebraska",-666666666.0,131,91020,31
3113192250,"Osage precinct, Otoe County, Nebraska",-666666666.0,131,92250,31
3113193016,"South Russell precinct, Otoe County, Nebraska",-666666666.0,131,93016,31
3113190680,"Delaware precinct, Otoe County, Nebraska",-666666666.0,131,90680,31
3113192146,"North Branch precinct, Otoe County, Nebraska",-666666666.0,131,92146,31
3114590825,"East Valley precinct, Red Willow County, Nebraska",-666666666.0,145,90825,31
3114591520,"Indianola precinct, Red Willow County, Nebraska",-666666666.0,145,91520,31
3114592200,"North Valley precinct, Red Willow County, Nebraska",-666666666.0,145,92200,31
3114592340,"Perry precinct, Red Willow County, Nebraska",-666666666.0,145,92340,31
3114590555,"Coleman precinct, Red Willow County, Nebraska",-666666666.0,145,90555,31
3114591225,"Grant precinct, Red Willow County, Nebraska",-666666666.0,145,91225,31
3114590750,"Driftwood precinct, Red Willow County, Nebraska",-666666666.0,145,90750,31
3114591110,"Gerver precinct, Red Willow County, Nebraska",-666666666.0,145,91110,31
3114590330,"Box Elder precinct, Red Willow County, Nebraska",-666666666.0,145,90330,31
3114591705,"Lebanon precinct, Red Willow County, Nebraska",-666666666.0,145,91705,31
3114593235,"Tyrone precinct, Red Willow County, Nebraska",-666666666.0,145,93235,31
3114590160,"Beaver precinct, Red Willow County, Nebraska",-666666666.0,145,90160,31
3105918440,"Geneva township, Fillmore County, Nebraska",-666666666.0,059,18440,31
3105930205,"Madison township, Fillmore County, Nebraska",-666666666.0,059,30205,31
3105918965,"Glengary township, Fillmore County, Nebraska",-666666666.0,059,18965,31
3105952190,"West Blue township, Fillmore County, Nebraska",-666666666.0,059,52190,31
3105946765,"Stanton township, Fillmore County, Nebraska",-666666666.0,059,46765,31
3105932515,"Momence township, Fillmore County, Nebraska",-666666666.0,059,32515,31
310596925,"Bryant township, Fillmore County, Nebraska",-666666666.0,059,6925,31
310598955,"Chelsea township, Fillmore County, Nebraska",-666666666.0,059,8955,31
3105917495,"Franklin township, Fillmore County, Nebraska",-666666666.0,059,17495,31
3105916395,"Exeter-Fairmont Consolidated township, Fillmore County, Nebraska",-666666666.0,059,16395,31
3105919490,"Grafton township, Fillmore County, Nebraska",-666666666.0,059,19490,31
3105926945,"Liberty township, Fillmore County, Nebraska",-666666666.0,059,26945,31
310593915,"Belle Prairie township, Fillmore County, Nebraska",-666666666.0,059,3915,31
3106990285,"Blue Creek precinct, Garden County, Nebraska",-666666666.0,069,90285,31
3106991860,"Lost Creek precinct, Garden County, Nebraska",-666666666.0,069,91860,31
3106991790,"Lisco precinct, Garden County, Nebraska",-666666666.0,069,91790,31
3106992270,"Oshkosh No. 1 precinct, Garden County, Nebraska",-666666666.0,069,92270,31
3110990480,"Centerville precinct, Lancaster County, Nebraska",-666666666.0,109,90480,31
3111593175,"Taylor precinct, Loup County, Nebraska",-666666666.0,115,93175,31
3111991240,"Green Garden precinct, Madison County, Nebraska",-666666666.0,119,91240,31
3111992133,"Norfolk city, Madison County, Nebraska",68497.0,119,92133,31
3111990965,"Fairview precinct, Madison County, Nebraska",-666666666.0,119,90965,31
3111993203,"Tilden city, Madison County, Nebraska",-666666666.0,119,93203,31
3111993300,"Valley precinct, Madison County, Nebraska",-666666666.0,119,93300,31
3111993260,"Union precinct, Madison County, Nebraska",-666666666.0,119,93260,31
3111990905,"Emerick precinct, Madison County, Nebraska",-666666666.0,119,90905,31
3111991900,"Madison precinct, Madison County, Nebraska",-666666666.0,119,91900,31
3111990140,"Battle Creek precinct, Madison County, Nebraska",-666666666.0,119,90140,31
3111991902,"Madison city, Madison County, Nebraska",-666666666.0,119,91902,31
3111991250,"Grove precinct, Madison County, Nebraska",-666666666.0,119,91250,31
3111991410,"Highland precinct, Madison County, Nebraska",-666666666.0,119,91410,31
3111991560,"Kalamazoo precinct, Madison County, Nebraska",-666666666.0,119,91560,31
3111992135,"Norfolk precinct, Madison County, Nebraska",-666666666.0,119,92135,31
3111992925,"Shell Creek precinct, Madison County, Nebraska",-666666666.0,119,92925,31
3111991942,"Meadow Grove-Jefferson precinct, Madison County, Nebraska",-666666666.0,119,91942,31
3111992865,"Schoolcraft precinct, Madison County, Nebraska",-666666666.0,119,92865,31
3111993340,"Warnerville precinct, Madison County, Nebraska",-666666666.0,119,93340,31
3111992103,"Newman Grove city, Madison County, Nebraska",-666666666.0,119,92103,31
3110991753,"Lincoln city, Lancaster County, Nebraska",45091.0,109,91753,31
3110991795,"Little Salt precinct, Lancaster County, Nebraska",-666666666.0,109,91795,31
3110992765,"Rock Creek precinct, Lancaster County, Nebraska",-666666666.0,109,92765,31
3110993100,"Stevens Creek precinct, Lancaster County, Nebraska",-666666666.0,109,93100,31
3110993370,"Waverly precinct, Lancaster County, Nebraska",-666666666.0,109,93370,31
3110993445,"West Oak precinct, Lancaster County, Nebraska",-666666666.0,109,93445,31
3110990410,"Buda precinct, Lancaster County, Nebraska",-666666666.0,109,90410,31
3110992305,"Panama precinct, Lancaster County, Nebraska",-666666666.0,109,92305,31
3110991965,"Middle Creek precinct, Lancaster County, Nebraska",-666666666.0,109,91965,31
3110993575,"Yankee Hill precinct, Lancaster County, Nebraska",-666666666.0,109,93575,31
3101192168,"North Manchester precinct, Boone County, Nebraska",-666666666.0,011,92168,31
3101190310,"Boone precinct, Boone County, Nebraska",-666666666.0,011,90310,31
3101190762,"Dublin-Bonanza precinct, Boone County, Nebraska",-666666666.0,011,90762,31
3101192215,"Oakland precinct, Boone County, Nebraska",-666666666.0,011,92215,31
3101190145,"Beaver precinct, Boone County, Nebraska",-666666666.0,011,90145,31
3101192147,"North Branch-Shell Creek precinct, Boone County, Nebraska",-666666666.0,011,92147,31
3101192987,"Southeast Manchester precinct, Boone County, Nebraska",-666666666.0,011,92987,31
3101193026,"Southwest Manchester precinct, Boone County, Nebraska",-666666666.0,011,93026,31
3101190465,"Cedar precinct, Boone County, Nebraska",-666666666.0,011,90465,31
3112990155,"Beaver precinct, Nuckolls County, Nebraska",-666666666.0,129,90155,31
3112993060,"Spring Creek precinct, Nuckolls County, Nebraska",-666666666.0,129,93060,31
3112990865,"Elk precinct, Nuckolls County, Nebraska",-666666666.0,129,90865,31
3112993142,"Superior city, Nuckolls County, Nebraska",-666666666.0,129,93142,31
3112992070,"Nelson precinct, Nuckolls County, Nebraska",-666666666.0,129,92070,31
3112991305,"Hardy precinct, Nuckolls County, Nebraska",-666666666.0,129,91305,31
3112993320,"Victor precinct, Nuckolls County, Nebraska",-666666666.0,129,93320,31
3114992895,"Selden precinct, Rock County, Nebraska",-666666666.0,149,92895,31
3114990475,"Center precinct, Rock County, Nebraska",-666666666.0,149,90475,31
3114991700,"Lay precinct, Rock County, Nebraska",-666666666.0,149,91700,31
3114991645,"Kirkwood precinct, Rock County, Nebraska",-666666666.0,149,91645,31
3114991185,"Gracy precinct, Rock County, Nebraska",-666666666.0,149,91185,31
3114990360,"Brinkerhoff precinct, Rock County, Nebraska",-666666666.0,149,90360,31
3114992350,"Pewaukee precinct, Rock County, Nebraska",-666666666.0,149,92350,31
3114991325,"Harrison precinct, Rock County, Nebraska",-666666666.0,149,91325,31
3114992105,"Newport precinct, Rock County, Nebraska",-666666666.0,149,92105,31
3114990135,"Bassett precinct, Rock County, Nebraska",-666666666.0,149,90135,31
311552340,"Ashland township, Saunders County, Nebraska",-666666666.0,155,2340,31
3115514870,"Elk township, Saunders County, Nebraska",-666666666.0,155,14870,31
3115547255,"Stocking township, Saunders County, Nebraska",-666666666.0,155,47255,31
311555770,"Bohemia township, Saunders County, Nebraska",-666666666.0,155,5770,31
311558430,"Center township, Saunders County, Nebraska",-666666666.0,155,8430,31
3115526665,"Leshara township, Saunders County, Nebraska",-666666666.0,155,26665,31
3115530555,"Marble township, Saunders County, Nebraska",-666666666.0,155,30555,31
3115530590,"Marietta township, Saunders County, Nebraska",-666666666.0,155,30590,31
3115532900,"Morse Bluff township, Saunders County, Nebraska",-666666666.0,155,32900,31
3115541900,"Rock Creek township, Saunders County, Nebraska",-666666666.0,155,41900,31
3115545750,"South Cedar township, Saunders County, Nebraska",-666666666.0,155,45750,31
3115520085,"Green township, Saunders County, Nebraska",-666666666.0,155,20085,31
3115530695,"Mariposa township, Saunders County, Nebraska",-666666666.0,155,30695,31
3115539625,"Pohocco township, Saunders County, Nebraska",-666666666.0,155,39625,31
3115549810,"Union township, Saunders County, Nebraska",-666666666.0,155,49810,31
311558850,"Chapman township, Saunders County, Nebraska",-666666666.0,155,8850,31
311559060,"Chester township, Saunders County, Nebraska",-666666666.0,155,9060,31
311559410,"Clear Creek township, Saunders County, Nebraska",-666666666.0,155,9410,31
3115534195,"Newman township, Saunders County, Nebraska",-666666666.0,155,34195,31
3115535315,"Oak Creek township, Saunders County, Nebraska",-666666666.0,155,35315,31
3115541392,"Richland township, Saunders County, Nebraska",-666666666.0,155,41392,31
3115550965,"Wahoo city, Saunders County, Nebraska",-666666666.0,155,50965,31
3115551000,"Wahoo township, Saunders County, Nebraska",-666666666.0,155,51000,31
3115534755,"North Cedar township, Saunders County, Nebraska",-666666666.0,155,34755,31
3115513540,"Douglas township, Saunders County, Nebraska",-666666666.0,155,13540,31
3115790980,"Fanning precinct, Scotts Bluff County, Nebraska",-666666666.0,157,90980,31
3115791093,"Gering city, Scotts Bluff County, Nebraska",-666666666.0,157,91093,31
3115791635,"Kiowa precinct, Scotts Bluff County, Nebraska",-666666666.0,157,91635,31
3115791095,"Gering precinct, Scotts Bluff County, Nebraska",-666666666.0,157,91095,31
3115792013,"Mitchell city, Scotts Bluff County, Nebraska",-666666666.0,157,92013,31
3115792883,"Scottsbluff city, Scotts Bluff County, Nebraska",40526.0,157,92883,31
3115791005,"Ford precinct, Scotts Bluff County, Nebraska",-666666666.0,157,91005,31
3114993200,"Thurman precinct, Rock County, Nebraska",-666666666.0,149,93200,31
3106390025,"Allen precinct, Frontier County, Nebraska",-666666666.0,063,90025,31
3114991625,"Kinkaid precinct, Rock County, Nebraska",-666666666.0,149,91625,31
3114990280,"Blaine precinct, Rock County, Nebraska",-666666666.0,149,90280,31
3114991845,"Long Pine precinct, Rock County, Nebraska",-666666666.0,149,91845,31
3100791850,"Long Springs precinct, Banner County, Nebraska",-666666666.0,007,91850,31
3106390630,"Curtis precinct, Frontier County, Nebraska",-666666666.0,063,90630,31
3116391327,"Harrison precinct, Sherman County, Nebraska",-666666666.0,163,91327,31
3116390482,"Central Loup City precinct, Sherman County, Nebraska",-666666666.0,163,90482,31
3115792015,"Mitchell precinct, Scotts Bluff County, Nebraska",-666666666.0,157,92015,31
3115791045,"Funston precinct, Scotts Bluff County, Nebraska",-666666666.0,157,91045,31
3115793460,"West Winters Creek precinct, Scotts Bluff County, Nebraska",-666666666.0,157,93460,31
3115792800,"Roubadeau precinct, Scotts Bluff County, Nebraska",-666666666.0,157,92800,31
3115790460,"Castle Rock precinct, Scotts Bluff County, Nebraska",-666666666.0,157,90460,31
3115791425,"Highland precinct, Scotts Bluff County, Nebraska",-666666666.0,157,91425,31
3115790830,"East Winters Creek precinct, Scotts Bluff County, Nebraska",-666666666.0,157,90830,31
3115790703,"Dewey Tabor precinct, Scotts Bluff County, Nebraska",-666666666.0,157,90703,31
3117990670,"Deer Creek precinct, Wayne County, Nebraska",-666666666.0,179,90670,31
3117991470,"Hoskins precinct, Wayne County, Nebraska",-666666666.0,179,91470,31
3117992945,"Sherman precinct, Wayne County, Nebraska",-666666666.0,179,92945,31
3117991300,"Hancock precinct, Wayne County, Nebraska",-666666666.0,179,91300,31
3117993125,"Strahan precinct, Wayne County, Nebraska",-666666666.0,179,93125,31
3117993495,"Wilbur precinct, Wayne County, Nebraska",-666666666.0,179,93495,31
3117991490,"Hunter precinct, Wayne County, Nebraska",-666666666.0,179,91490,31
3117991725,"Leslie precinct, Wayne County, Nebraska",-666666666.0,179,91725,31
3117991085,"Garfield precinct, Wayne County, Nebraska",-666666666.0,179,91085,31
3117991835,"Logan precinct, Wayne County, Nebraska",-666666666.0,179,91835,31
3117992440,"Plum Creek precinct, Wayne County, Nebraska",-666666666.0,179,92440,31
3117990490,"Chapin precinct, Wayne County, Nebraska",-666666666.0,179,90490,31
3117990350,"Brenna precinct, Wayne County, Nebraska",-666666666.0,179,90350,31
3109192055,"Mullen precinct, Hooker County, Nebraska",-666666666.0,091,92055,31
3112391345,"Haynes precinct, Morrill County, Nebraska",-666666666.0,123,91345,31
3112392710,"Redington precinct, Morrill County, Nebraska",-666666666.0,123,92710,31
3112393405,"West Bayard precinct, Morrill County, Nebraska",-666666666.0,123,93405,31
3112390365,"Broadwater precinct, Morrill County, Nebraska",-666666666.0,123,90365,31
3112393415,"West Camp Clarke precinct, Morrill County, Nebraska",-666666666.0,123,93415,31
3112392150,"North Camp Clarke precinct, Morrill County, Nebraska",-666666666.0,123,92150,31
3112390780,"East Camp Clarke precinct, Morrill County, Nebraska",-666666666.0,123,90780,31
3112390775,"East Bayard precinct, Morrill County, Nebraska",-666666666.0,123,90775,31
3112391120,"Gilchrist precinct, Morrill County, Nebraska",-666666666.0,123,91120,31
3112790740,"Douglas precinct, Nemaha County, Nebraska",-666666666.0,127,90740,31
3112792345,"Peru precinct, Nemaha County, Nebraska",-666666666.0,127,92345,31
3112791658,"Lafayette precinct, Nemaha County, Nebraska",-666666666.0,127,91658,31
3112790380,"Brownville precinct, Nemaha County, Nebraska",-666666666.0,127,90380,31
3112792085,"Nemaha precinct, Nemaha County, Nebraska",-666666666.0,127,92085,31
3112793355,"Washington precinct, Nemaha County, Nebraska",-666666666.0,127,93355,31
3112790225,"Benton precinct, Nemaha County, Nebraska",-666666666.0,127,90225,31
3112791155,"Glen Rock precinct, Nemaha County, Nebraska",-666666666.0,127,91155,31
3114590645,"Danbury precinct, Red Willow County, Nebraska",-666666666.0,145,90645,31
3114590040,"Alliance precinct, Red Willow County, Nebraska",-666666666.0,145,90040,31
3114590305,"Bondville precinct, Red Willow County, Nebraska",-666666666.0,145,90305,31
3114591040,"Fritsch precinct, Red Willow County, Nebraska",-666666666.0,145,91040,31
3114591882,"McCook city, Red Willow County, Nebraska",-666666666.0,145,91882,31
3114592715,"Red Willow precinct, Red Willow County, Nebraska",-666666666.0,145,92715,31
3114593505,"Willow Grove precinct, Red Willow County, Nebraska",-666666666.0,145,93505,31
3114593310,"Valley Grange precinct, Red Willow County, Nebraska",-666666666.0,145,93310,31
3114592010,"Missouri Ridge precinct, Red Willow County, Nebraska",-666666666.0,145,92010,31
3102791329,"Hartington city, Cedar County, Nebraska",-666666666.0,027,91329,31
3102792540,"Precinct 8, Cedar County, Nebraska",-666666666.0,027,92540,31
3102792490,"Precinct 3, Cedar County, Nebraska",-666666666.0,027,92490,31
3102792520,"Precinct 6, Cedar County, Nebraska",-666666666.0,027,92520,31
3102792470,"Precinct 1, Cedar County, Nebraska",-666666666.0,027,92470,31
3102792510,"Precinct 5, Cedar County, Nebraska",-666666666.0,027,92510,31
3102792610,"Precinct 21, Cedar County, Nebraska",-666666666.0,027,92610,31
3102792500,"Precinct 4, Cedar County, Nebraska",-666666666.0,027,92500,31
3102792530,"Precinct 7, Cedar County, Nebraska",-666666666.0,027,92530,31
3102792555,"Precinct 10, Cedar County, Nebraska",-666666666.0,027,92555,31
3102792575,"Precinct 14, Cedar County, Nebraska",-666666666.0,027,92575,31
3102792590,"Precinct 17, Cedar County, Nebraska",-666666666.0,027,92590,31
3102792550,"Precinct 9A, Cedar County, Nebraska",-666666666.0,027,92550,31
3102792570,"Precinct 13, Cedar County, Nebraska",-666666666.0,027,92570,31
3102792585,"Precinct 16, Cedar County, Nebraska",-666666666.0,027,92585,31
3102792696,"Randolph city, Cedar County, Nebraska",-666666666.0,027,92696,31
3102792565,"Precinct 12, Cedar County, Nebraska",-666666666.0,027,92565,31
3102792605,"Precinct 20, Cedar County, Nebraska",-666666666.0,027,92605,31
3102792480,"Precinct 2, Cedar County, Nebraska",-666666666.0,027,92480,31
3102792560,"Precinct 11, Cedar County, Nebraska",-666666666.0,027,92560,31
3102792580,"Precinct 15, Cedar County, Nebraska",-666666666.0,027,92580,31
3102792600,"Precinct 19, Cedar County, Nebraska",-666666666.0,027,92600,31
3102792595,"Precinct 18, Cedar County, Nebraska",-666666666.0,027,92595,31
3112790180,"Bedford precinct, Nemaha County, Nebraska",-666666666.0,127,90180,31
3112790102,"Auburn city, Nemaha County, Nebraska",140455.0,127,90102,31
3115992655,"Precinct J, Seward County, Nebraska",-666666666.0,159,92655,31
3115992675,"Precinct O, Seward County, Nebraska",-666666666.0,159,92675,31
3115992907,"Seward city, Seward County, Nebraska",-666666666.0,159,92907,31
3115992661,"Precinct L, Seward County, Nebraska",-666666666.0,159,92661,31
3115992650,"Precinct I, Seward County, Nebraska",-666666666.0,159,92650,31
3115992680,"Precinct P, Seward County, Nebraska",-666666666.0,159,92680,31
3115992660,"Precinct K, Seward County, Nebraska",-666666666.0,159,92660,31
3115992664,"Precinct M, Seward County, Nebraska",-666666666.0,159,92664,31
3115992672,"Precinct N, Seward County, Nebraska",-666666666.0,159,92672,31
3104390910,"Emerson precinct, Dakota County, Nebraska",-666666666.0,043,90910,31
3104392825,"St. Johns precinct, Dakota County, Nebraska",-666666666.0,043,92825,31
3104390642,"Dakota City city, Dakota County, Nebraska",-666666666.0,043,90642,31
3104391475,"Hubbard precinct, Dakota County, Nebraska",-666666666.0,043,91475,31
3104393018,"South Sioux City city, Dakota County, Nebraska",-666666666.0,043,93018,31
3104390590,"Covington precinct, Dakota County, Nebraska",-666666666.0,043,90590,31
3104390640,"Dakota precinct, Dakota County, Nebraska",-666666666.0,043,90640,31
3104392235,"Omadi precinct, Dakota County, Nebraska",-666666666.0,043,92235,31
3104592562,"Precinct 11, Dawes County, Nebraska",-666666666.0,045,92562,31
3104592557,"Precinct 10, Dawes County, Nebraska",-666666666.0,045,92557,31
3109793095,"Sterling precinct, Johnson County, Nebraska",-666666666.0,097,93095,31
3109793210,"Todd Creek precinct, Johnson County, Nebraska",-666666666.0,097,93210,31
3109791930,"Maple Grove precinct, Johnson County, Nebraska",-666666666.0,097,91930,31
3109792075,"Nemaha precinct, Johnson County, Nebraska",-666666666.0,097,92075,31
3109793055,"Spring Creek precinct, Johnson County, Nebraska",-666666666.0,097,93055,31
3109793177,"Tecumseh city, Johnson County, Nebraska",33125.0,097,93177,31
3109793315,"Vesta precinct, Johnson County, Nebraska",-666666666.0,097,93315,31
3109791365,"Helena precinct, Johnson County, Nebraska",-666666666.0,097,91365,31
3109791775,"Lincoln precinct, Johnson County, Nebraska",-666666666.0,097,91775,31
3109793420,"Western precinct, Johnson County, Nebraska",-666666666.0,097,93420,31
3103392465,"Potter precinct, Cheyenne County, Nebraska",-666666666.0,033,92465,31
3103392946,"Sidney city, Cheyenne County, Nebraska",-666666666.0,033,92946,31
3103391265,"Gurley precinct, Cheyenne County, Nebraska",-666666666.0,033,91265,31
3103391805,"Lodgepole precinct, Cheyenne County, Nebraska",-666666666.0,033,91805,31
3103393270,"Union Valley precinct, Cheyenne County, Nebraska",-666666666.0,033,93270,31
3104790595,"Coyote precinct, Dawson County, Nebraska",-666666666.0,047,90595,31
3104793540,"Wood River precinct, Dawson County, Nebraska",-666666666.0,047,93540,31
3104791100,"German precinct, Dawson County, Nebraska",-666666666.0,047,91100,31
3104790598,"Cozad city, Dawson County, Nebraska",-666666666.0,047,90598,31
3104790600,"Cozad precinct, Dawson County, Nebraska",-666666666.0,047,90600,31
3104790990,"Farnam precinct, Dawson County, Nebraska",-666666666.0,047,90990,31
3104791130,"Gillan precinct, Dawson County, Nebraska",-666666666.0,047,91130,31
3104792745,"Ringgold precinct, Dawson County, Nebraska",-666666666.0,047,92745,31
3104791195,"Grant precinct, Dawson County, Nebraska",-666666666.0,047,91195,31
3104791730,"Lexington precinct, Dawson County, Nebraska",-666666666.0,047,91730,31
3104791170,"Gothenburg precinct, Dawson County, Nebraska",-666666666.0,047,91170,31
3104791728,"Lexington city, Dawson County, Nebraska",-666666666.0,047,91728,31
3100315255,"Elm township, Antelope County, Nebraska",-666666666.0,003,15255,31
3100319665,"Grant township, Antelope County, Nebraska",-666666666.0,003,19665,31
3100348935,"Tilden city, Antelope County, Nebraska",-666666666.0,003,48935,31
3100353135,"Willow township, Antelope County, Nebraska",-666666666.0,003,53135,31
310038045,"Cedar township, Antelope County, Nebraska",-666666666.0,003,8045,31
3100311160,"Crawford township, Antelope County, Nebraska",-666666666.0,003,11160,31
3100327155,"Lincoln township, Antelope County, Nebraska",-666666666.0,003,27155,31
3100311895,"Custer township, Antelope County, Nebraska",-666666666.0,003,11895,31
3100314765,"Elgin township, Antelope County, Nebraska",-666666666.0,003,14765,31
3100328525,"Logan township, Antelope County, Nebraska",-666666666.0,003,28525,31
3100333775,"Neligh city, Antelope County, Nebraska",-666666666.0,003,33775,31
3100346730,"Stanton township, Antelope County, Nebraska",-666666666.0,003,46730,31
3100333810,"Neligh township, Antelope County, Nebraska",-666666666.0,003,33810,31
3100342530,"Royal township, Antelope County, Nebraska",-666666666.0,003,42530,31
310039480,"Clearwater township, Antelope County, Nebraska",-666666666.0,003,9480,31
3100315185,"Ellsworth township, Antelope County, Nebraska",-666666666.0,003,15185,31
3100335420,"Oakdale township, Antelope County, Nebraska",-666666666.0,003,35420,31
310033320,"Bazile township, Antelope County, Nebraska",-666666666.0,003,3320,31
3100317740,"Frenchtown township, Antelope County, Nebraska",-666666666.0,003,17740,31
3100344875,"Sherman township, Antelope County, Nebraska",-666666666.0,003,44875,31
3100314415,"Eden township, Antelope County, Nebraska",-666666666.0,003,14415,31
3100337245,"Ord township, Antelope County, Nebraska",-666666666.0,003,37245,31
3100318055,"Garfield township, Antelope County, Nebraska",-666666666.0,003,18055,31
3100350440,"Verdigris township, Antelope County, Nebraska",-666666666.0,003,50440,31
310035245,"Blaine township, Antelope County, Nebraska",-666666666.0,003,5245,31
310037170,"Burnett township, Antelope County, Nebraska",-666666666.0,003,7170,31
3102991510,"Imperial West precinct, Chase County, Nebraska",-666666666.0,029,91510,31
3102991500,"Imperial East precinct, Chase County, Nebraska",-666666666.0,029,91500,31
3102991505,"Imperial Rural precinct, Chase County, Nebraska",-666666666.0,029,91505,31
3102993365,"Wauneta precinct, Chase County, Nebraska",-666666666.0,029,93365,31
31023765,"Alexis township, Butler County, Nebraska",-666666666.0,023,765,31
3102335280,"Oak Creek township, Butler County, Nebraska",-666666666.0,023,35280,31
3102339240,"Platte township, Butler County, Nebraska",-666666666.0,023,39240,31
310235805,"Bone Creek township, Butler County, Nebraska",-666666666.0,023,5805,31
3102336120,"Olive township, Butler County, Nebraska",-666666666.0,023,36120,31
3104792285,"Overton precinct, Dawson County, Nebraska",-666666666.0,047,92285,31
3104790955,"Fairview precinct, Dawson County, Nebraska",-666666666.0,047,90955,31
3104792385,"Platte precinct, Dawson County, Nebraska",-666666666.0,047,92385,31
3104791169,"Gothenburg city, Dawson County, Nebraska",-666666666.0,047,91169,31
3104791570,"Kennebec precinct, Dawson County, Nebraska",-666666666.0,047,91570,31
3107190400,"Bryan precinct, Garfield County, Nebraska",-666666666.0,071,90400,31
3106390520,"Clearwater precinct, Frontier County, Nebraska",-666666666.0,063,90520,31
3106390628,"Curtis city, Frontier County, Nebraska",-666666666.0,063,90628,31
3106392030,"Moorefield precinct, Frontier County, Nebraska",-666666666.0,063,92030,31
3106392435,"Plum Creek precinct, Frontier County, Nebraska",-666666666.0,063,92435,31
3106392935,"Sherman precinct, Frontier County, Nebraska",-666666666.0,063,92935,31
3106390770,"Earl precinct, Frontier County, Nebraska",-666666666.0,063,90770,31
3106391060,"Garfield precinct, Frontier County, Nebraska",-666666666.0,063,91060,31
3106392050,"Muddy precinct, Frontier County, Nebraska",-666666666.0,063,92050,31
3106392240,"Orafino precinct, Frontier County, Nebraska",-666666666.0,063,92240,31
3106393115,"Stockville precinct, Frontier County, Nebraska",-666666666.0,063,93115,31
3106391650,"Knowles precinct, Frontier County, Nebraska",-666666666.0,063,91650,31
3106391695,"Laws precinct, Frontier County, Nebraska",-666666666.0,063,91695,31
3106391310,"Harrison precinct, Frontier County, Nebraska",-666666666.0,063,91310,31
3106391760,"Lincoln precinct, Frontier County, Nebraska",-666666666.0,063,91760,31
3106391810,"Logan precinct, Frontier County, Nebraska",-666666666.0,063,91810,31
3106392255,"Osborn precinct, Frontier County, Nebraska",-666666666.0,063,92255,31
3106393585,"Zimmer precinct, Frontier County, Nebraska",-666666666.0,063,93585,31
3106391200,"Grant precinct, Frontier County, Nebraska",-666666666.0,063,91200,31
3106392190,"North Star precinct, Frontier County, Nebraska",-666666666.0,063,92190,31
3106393375,"Weaver precinct, Frontier County, Nebraska",-666666666.0,063,93375,31
3106393428,"West Laird precinct, Frontier County, Nebraska",-666666666.0,063,93428,31
3106391465,"Horrell precinct, Frontier County, Nebraska",-666666666.0,063,91465,31
3106392930,"Sheridan precinct, Frontier County, Nebraska",-666666666.0,063,92930,31
3106392815,"Russell precinct, Frontier County, Nebraska",-666666666.0,063,92815,31
3106390960,"Fairview precinct, Frontier County, Nebraska",-666666666.0,063,90960,31
3106390803,"East Laird precinct, Frontier County, Nebraska",-666666666.0,063,90803,31
3116390097,"Ashton precinct, Sherman County, Nebraska",-666666666.0,163,90097,31
3110390635,"Custer precinct, Keya Paha County, Nebraska",-666666666.0,103,90635,31
3110391997,"Mills precinct, Keya Paha County, Nebraska",-666666666.0,103,91997,31
3110392130,"Norden precinct, Keya Paha County, Nebraska",-666666666.0,103,92130,31
3110391065,"Garfield precinct, Keya Paha County, Nebraska",-666666666.0,103,91065,31
3110591600,"Kimball No. 2 precinct, Kimball County, Nebraska",-666666666.0,105,91600,31
3110590425,"Bushnell precinct, Kimball County, Nebraska",-666666666.0,105,90425,31
3110590060,"Antelope precinct, Kimball County, Nebraska",-666666666.0,105,90060,31
3110591595,"Kimball No. 1 precinct, Kimball County, Nebraska",-666666666.0,105,91595,31
311075735,"Bohemia township, Knox County, Nebraska",-666666666.0,107,5735,31
3110714205,"Eastern township, Knox County, Nebraska",-666666666.0,107,14205,31
3110724600,"Jefferson township, Knox County, Nebraska",-666666666.0,107,24600,31
3110710075,"Columbia township, Knox County, Nebraska",-666666666.0,107,10075,31
3110713330,"Dolphin township, Knox County, Nebraska",-666666666.0,107,13330,31
3116392167,"North Loup City precinct, Sherman County, Nebraska",-666666666.0,163,92167,31
3116392777,"Rockville precinct, Sherman County, Nebraska",-666666666.0,163,92777,31
3116392992,"South Loup City precinct, Sherman County, Nebraska",-666666666.0,163,92992,31
3105590505,"Chicago precinct, Douglas County, Nebraska",151420.0,055,90505,31
3105591000,"Florence precinct, Douglas County, Nebraska",-666666666.0,055,91000,31
3105593360,"Waterloo precinct, Douglas County, Nebraska",-666666666.0,055,93360,31
3105593240,"Union precinct, Douglas County, Nebraska",67417.0,055,93240,31
3105591535,"Jefferson precinct, Douglas County, Nebraska",166111.0,055,91535,31
3105591990,"Millard precinct, Douglas County, Nebraska",228409.0,055,91990,31
3105592237,"Omaha city, Douglas County, Nebraska",46899.0,055,92237,31
3105590735,"Douglas precinct, Douglas County, Nebraska",-666666666.0,055,90735,31
3105591880,"McArdle precinct, Douglas County, Nebraska",106168.0,055,91880,31
3105592395,"Platte Valley precinct, Douglas County, Nebraska",-666666666.0,055,92395,31
3105590875,"Elkhorn precinct, Douglas County, Nebraska",-666666666.0,055,90875,31
3114790120,"Barada precinct, Richardson County, Nebraska",-666666666.0,147,90120,31
3114792845,"Salem precinct, Richardson County, Nebraska",-666666666.0,147,92845,31
3114793040,"Speiser precinct, Richardson County, Nebraska",-666666666.0,147,93040,31
3114790973,"Falls City city, Richardson County, Nebraska",-666666666.0,147,90973,31
3114791485,"Humboldt precinct, Richardson County, Nebraska",-666666666.0,147,91485,31
3114792220,"Ohio precinct, Richardson County, Nebraska",-666666666.0,147,92220,31
3114792090,"Nemaha precinct, Richardson County, Nebraska",-666666666.0,147,92090,31
3114790975,"Falls City precinct, Richardson County, Nebraska",-666666666.0,147,90975,31
3114793440,"West Muddy precinct, Richardson County, Nebraska",-666666666.0,147,93440,31
3114790810,"East Muddy precinct, Richardson County, Nebraska",-666666666.0,147,90810,31
3114792455,"Porter precinct, Richardson County, Nebraska",-666666666.0,147,92455,31
3114791230,"Grant precinct, Richardson County, Nebraska",-666666666.0,147,91230,31
3114791483,"Humboldt city, Richardson County, Nebraska",-666666666.0,147,91483,31
3114792805,"Rulo precinct, Richardson County, Nebraska",-666666666.0,147,92805,31
3114791025,"Franklin precinct, Richardson County, Nebraska",-666666666.0,147,91025,31
3107190422,"Burwell city, Garfield County, Nebraska",-666666666.0,071,90422,31
3107190755,"Dry Cedar precinct, Garfield County, Nebraska",-666666666.0,071,90755,31
3107191390,"Highland precinct, Garfield County, Nebraska",-666666666.0,071,91390,31
3107192775,"Rockford precinct, Garfield County, Nebraska",-666666666.0,071,92775,31
3107192785,"Roosevelt precinct, Garfield County, Nebraska",-666666666.0,071,92785,31
3107191620,"Kinkaid precinct, Garfield County, Nebraska",-666666666.0,071,91620,31
3107191980,"Midvale precinct, Garfield County, Nebraska",-666666666.0,071,91980,31
3107193515,"Willow Springs precinct, Garfield County, Nebraska",-666666666.0,071,93515,31
3107190930,"Erina precinct, Garfield County, Nebraska",-666666666.0,071,90930,31
3111790585,"Cottonwood precinct, McPherson County, Nebraska",-666666666.0,117,90585,31
3111793220,"Tryon precinct, McPherson County, Nebraska",-666666666.0,117,93220,31
3111791280,"Hall precinct, McPherson County, Nebraska",-666666666.0,117,91280,31
3111791710,"Lemley precinct, McPherson County, Nebraska",-666666666.0,117,91710,31
3111793475,"Whitewater precinct, McPherson County, Nebraska",-666666666.0,117,93475,31
3111793550,"Worden precinct, McPherson County, Nebraska",-666666666.0,117,93550,31
311258115,"Cedar township, Nance County, Nebraska",-666666666.0,125,8115,31
3112514240,"East Newman township, Nance County, Nebraska",-666666666.0,125,14240,31
3112517810,"Fullerton city, Nance County, Nebraska",-666666666.0,125,17810,31
3112517845,"Fullerton township, Nance County, Nebraska",-666666666.0,125,17845,31
3112529540,"Loup Ferry township, Nance County, Nebraska",-666666666.0,125,29540,31
311253460,"Beaver township, Nance County, Nebraska",-666666666.0,125,3460,31
3112540185,"Prairie Creek township, Nance County, Nebraska",-666666666.0,125,40185,31
3112545715,"South Branch township, Nance County, Nebraska",-666666666.0,125,45715,31
3112518475,"Genoa city, Nance County, Nebraska",-666666666.0,125,18475,31
3112510845,"Cottonwood township, Nance County, Nebraska",-666666666.0,125,10845,31
3112510915,"Council Creek township, Nance County, Nebraska",-666666666.0,125,10915,31
3112518510,"Genoa township, Nance County, Nebraska",-666666666.0,125,18510,31
3112548970,"Timber Creek township, Nance County, Nebraska",-666666666.0,125,48970,31
3112552470,"West Newman township, Nance County, Nebraska",-666666666.0,125,52470,31
3102339555,"Plum Creek township, Butler County, Nebraska",-666666666.0,023,39555,31
3102349600,"Union township, Butler County, Nebraska",-666666666.0,023,49600,31
3102343860,"Savannah township, Butler County, Nebraska",-666666666.0,023,43860,31
3102345540,"Skull Creek township, Butler County, Nebraska",-666666666.0,023,45540,31
3102328280,"Linwood township, Butler County, Nebraska",-666666666.0,023,28280,31
3102340850,"Reading township, Butler County, Nebraska",-666666666.0,023,40850,31
3102341250,"Richardson township, Butler County, Nebraska",-666666666.0,023,41250,31
3102312315,"David City city, Butler County, Nebraska",-666666666.0,023,12315,31
3102349495,"Ulysses township, Butler County, Nebraska",-666666666.0,023,49495,31
3102347605,"Summit township, Butler County, Nebraska",-666666666.0,023,47605,31
310238290,"Center township, Butler County, Nebraska",-666666666.0,023,8290,31
3102340815,"Read township, Butler County, Nebraska",-666666666.0,023,40815,31
3102317460,"Franklin township, Butler County, Nebraska",-666666666.0,023,17460,31
3103530765,"Marshall township, Clay County, Nebraska",-666666666.0,035,30765,31
3103516480,"Fairfield township, Clay County, Nebraska",-666666666.0,035,16480,31
3103526840,"Lewis township, Clay County, Nebraska",-666666666.0,035,26840,31
3103526525,"Leicester township, Clay County, Nebraska",-666666666.0,035,26525,31
3103528980,"Lone Tree township, Clay County, Nebraska",-666666666.0,035,28980,31
310359375,"Clay Center city, Clay County, Nebraska",-666666666.0,035,9375,31
3103528630,"Logan township, Clay County, Nebraska",-666666666.0,035,28630,31
3103547955,"Sutton city, Clay County, Nebraska",-666666666.0,035,47955,31
3103514485,"Edgar township, Clay County, Nebraska",-666666666.0,035,14485,31
3103529820,"Lynn township, Clay County, Nebraska",-666666666.0,035,29820,31
3103514660,"Eldorado township, Clay County, Nebraska",-666666666.0,035,14660,31
3103519105,"Glenvil township, Clay County, Nebraska",-666666666.0,035,19105,31
3103521380,"Harvard township, Clay County, Nebraska",-666666666.0,035,21380,31
3103544770,"Sheridan township, Clay County, Nebraska",-666666666.0,035,44770,31
3103546590,"Spring Ranch township, Clay County, Nebraska",-666666666.0,035,46590,31
3103524040,"Inland township, Clay County, Nebraska",-666666666.0,035,24040,31
3103544000,"School Creek township, Clay County, Nebraska",-666666666.0,035,44000,31
3103547990,"Sutton township, Clay County, Nebraska",-666666666.0,035,47990,31
3100590085,"Arthur precinct, Arthur County, Nebraska",-666666666.0,005,90085,31
3104110215,"Comstock township, Custer County, Nebraska",-666666666.0,041,10215,31
3104129365,"Loup township, Custer County, Nebraska",-666666666.0,041,29365,31
3104153625,"Wood River township, Custer County, Nebraska",-666666666.0,041,53625,31
3104113575,"Douglas Grove township, Custer County, Nebraska",-666666666.0,041,13575,31
3104119770,"Grant township, Custer County, Nebraska",-666666666.0,041,19770,31
3113392475,"Precinct 1, Pawnee No. 1; Pawnee County; Nebraska",-666666666.0,133,92475,31
3113392485,"Precinct 2, Pawnee No. 2; Pawnee County; Nebraska",-666666666.0,133,92485,31
3113392495,"Precinct 3, Table Rock; Pawnee County; Nebraska",-666666666.0,133,92495,31
3113392505,"Precinct 4, Steinauer; Pawnee County; Nebraska",-666666666.0,133,92505,31
3113392515,"Precinct 5, Burchard; Pawnee County; Nebraska",-666666666.0,133,92515,31
3113392525,"Precinct 6, South Fork; Pawnee County; Nebraska",-666666666.0,133,92525,31
3113392535,"Precinct 7, Turkey Creek; Pawnee County; Nebraska",-666666666.0,133,92535,31
3116790715,"Dimick precinct, Stanton County, Nebraska",-666666666.0,167,90715,31
3116791925,"Maple Creek precinct, Stanton County, Nebraska",-666666666.0,167,91925,31
3116790880,"Elkhorn precinct, Stanton County, Nebraska",-666666666.0,167,90880,31
3116791615,"Kingsburg precinct, Stanton County, Nebraska",-666666666.0,167,91615,31
3116793075,"Stanton precinct, Stanton County, Nebraska",-666666666.0,167,93075,31
3116790430,"Butterfly precinct, Stanton County, Nebraska",-666666666.0,167,90430,31
3116790700,"Dewey precinct, Stanton County, Nebraska",-666666666.0,167,90700,31
3116791340,"Haymow precinct, Stanton County, Nebraska",-666666666.0,167,91340,31
3116792365,"Pilger precinct, Stanton County, Nebraska",-666666666.0,167,92365,31
3116793045,"Spring Branch precinct, Stanton County, Nebraska",-666666666.0,167,93045,31
3116793068,"Stanton city, Stanton County, Nebraska",-666666666.0,167,93068,31
3116792695,"Ramshorn precinct, Stanton County, Nebraska",-666666666.0,167,92695,31
3116793265,"Union Creek precinct, Stanton County, Nebraska",-666666666.0,167,93265,31
3117523760,"Independent township, Valley County, Nebraska",-666666666.0,175,23760,31
3117534475,"Noble township, Valley County, Nebraska",-666666666.0,175,34475,31
3117515640,"Elyria township, Valley County, Nebraska",-666666666.0,175,15640,31
3106119805,"Grant township, Franklin County, Nebraska",-666666666.0,061,19805,31
3104111930,"Custer township, Custer County, Nebraska",-666666666.0,041,11930,31
3104110530,"Corner township, Custer County, Nebraska",-666666666.0,041,10530,31
310411570,"Ansley township, Custer County, Nebraska",-666666666.0,041,1570,31
3106127225,"Lincoln township, Franklin County, Nebraska",-666666666.0,061,27225,31
3106134790,"North Franklin township, Franklin County, Nebraska",-666666666.0,061,34790,31
3106143335,"Salem township, Franklin County, Nebraska",-666666666.0,061,43335,31
3106114145,"East Bloomington township, Franklin County, Nebraska",-666666666.0,061,14145,31
3106130135,"Macon township, Franklin County, Nebraska",-666666666.0,061,30135,31
3106130625,"Marion township, Franklin County, Nebraska",-666666666.0,061,30625,31
310611605,"Antelope township, Franklin County, Nebraska",-666666666.0,061,1605,31
3106149355,"Turkey Creek township, Franklin County, Nebraska",-666666666.0,061,49355,31
310612270,"Ash Grove township, Franklin County, Nebraska",-666666666.0,061,2270,31
3106117530,"Franklin city, Franklin County, Nebraska",-666666666.0,061,17530,31
3114144665,"Shell Creek township, Platte County, Nebraska",-666666666.0,141,44665,31
3114123515,"Humphrey township, Platte County, Nebraska",-666666666.0,141,23515,31
3114129225,"Lost Creek township, Platte County, Nebraska",-666666666.0,141,29225,31
3114135630,"Oconee township, Platte County, Nebraska",-666666666.0,141,35630,31
3114110145,"Columbus township, Platte County, Nebraska",-666666666.0,141,10145,31
3114119630,"Grand Prairie township, Platte County, Nebraska",-666666666.0,141,19630,31
311415070,"Bismark township, Platte County, Nebraska",-666666666.0,141,5070,31
3114110110,"Columbus city, Platte County, Nebraska",-666666666.0,141,10110,31
3114119945,"Granville township, Platte County, Nebraska",-666666666.0,141,19945,31
3114124775,"Joliet township, Platte County, Nebraska",-666666666.0,141,24775,31
3114134230,"Newman Grove city, Platte County, Nebraska",-666666666.0,141,34230,31
3114145015,"Sherman township, Platte County, Nebraska",-666666666.0,141,45015,31
3114142950,"St. Bernard township, Platte County, Nebraska",-666666666.0,141,42950,31
3114151140,"Walker township, Platte County, Nebraska",-666666666.0,141,51140,31
3114111335,"Creston township, Platte County, Nebraska",-666666666.0,141,11335,31
311417450,"Butler township, Platte County, Nebraska",-666666666.0,141,7450,31
3114153730,"Woodville township, Platte County, Nebraska",-666666666.0,141,53730,31
311417275,"Burrows township, Platte County, Nebraska",-666666666.0,141,7275,31
3114392977,"South Canada precinct, Polk County, Nebraska",-666666666.0,143,92977,31
3114393457,"West Stromsburg precinct, Polk County, Nebraska",-666666666.0,143,93457,31
3114392172,"North Osceola precinct, Polk County, Nebraska",-666666666.0,143,92172,31
3114392997,"South Osceola precinct, Polk County, Nebraska",-666666666.0,143,92997,31
3114390822,"East Stromsburg precinct, Polk County, Nebraska",-666666666.0,143,90822,31
3114791550,"Jefferson precinct, Richardson County, Nebraska",-666666666.0,147,91550,31
3114790070,"Arago precinct, Richardson County, Nebraska",-666666666.0,147,90070,31
3114791750,"Liberty precinct, Richardson County, Nebraska",-666666666.0,147,91750,31
3109390655,"Dannevirke precinct, Howard County, Nebraska",-666666666.0,093,90655,31
3109391875,"Loup Fork precinct, Howard County, Nebraska",-666666666.0,093,91875,31
3109392830,"St. Libory precinct, Howard County, Nebraska",-666666666.0,093,92830,31
3110728875,"Logan township, Knox County, Nebraska",-666666666.0,107,28875,31
3110732165,"Miller township, Knox County, Nebraska",-666666666.0,107,32165,31
3110751210,"Walnut Grove township, Knox County, Nebraska",-666666666.0,107,51210,31
31107310,"Addison township, Knox County, Nebraska",-666666666.0,107,310,31
311075455,"Bloomfield city, Knox County, Nebraska",-666666666.0,107,5455,31
3110722465,"Hill township, Knox County, Nebraska",-666666666.0,107,22465,31
3110732970,"Morton township, Knox County, Nebraska",-666666666.0,107,32970,31
3110734405,"Niobrara township, Knox County, Nebraska",-666666666.0,107,34405,31
3110738855,"Peoria township, Knox County, Nebraska",-666666666.0,107,38855,31
3110740745,"Raymond township, Knox County, Nebraska",-666666666.0,107,40745,31
3110751525,"Washington township, Knox County, Nebraska",-666666666.0,107,51525,31
3110721170,"Harrison township, Knox County, Nebraska",-666666666.0,107,21170,31
3110749740,"Union township, Knox County, Nebraska",-666666666.0,107,49740,31
3110750055,"Valley township, Knox County, Nebraska",-666666666.0,107,50055,31
3110722255,"Herrick township, Knox County, Nebraska",-666666666.0,107,22255,31
3110727330,"Lincoln township, Knox County, Nebraska",-666666666.0,107,27330,31
311079585,"Cleveland township, Knox County, Nebraska",-666666666.0,107,9585,31
3110711265,"Creighton township, Knox County, Nebraska",-666666666.0,107,11265,31
3110711440,"Crofton city, Knox County, Nebraska",-666666666.0,107,11440,31
3110711230,"Creighton city, Knox County, Nebraska",-666666666.0,107,11230,31
3110746240,"Sparta township, Knox County, Nebraska",-666666666.0,107,46240,31
3110750405,"Verdigre township, Knox County, Nebraska",-666666666.0,107,50405,31
3110752260,"Western township, Knox County, Nebraska",-666666666.0,107,52260,31
3110713645,"Dowling township, Knox County, Nebraska",-666666666.0,107,13645,31
3110717425,"Frankfort township, Knox County, Nebraska",-666666666.0,107,17425,31
3110734765,"North Frankfort township, Knox County, Nebraska",-666666666.0,107,34765,31
311078465,"Central township, Knox County, Nebraska",-666666666.0,107,8465,31
3110746100,"Spade township, Knox County, Nebraska",-666666666.0,107,46100,31
3111191935,"Maxwell precinct, Lincoln County, Nebraska",-666666666.0,111,91935,31
3111192790,"Rosedale precinct, Lincoln County, Nebraska",-666666666.0,111,92790,31
3111190345,"Brady precinct, Lincoln County, Nebraska",-666666666.0,111,90345,31
3111191445,"Hinman precinct, Lincoln County, Nebraska",-666666666.0,111,91445,31
3109390580,"Cotesfield precinct, Howard County, Nebraska",-666666666.0,093,90580,31
3109391565,"Kelso precinct, Howard County, Nebraska",-666666666.0,093,91565,31
3109390945,"Fairdale-Logan precinct, Howard County, Nebraska",-666666666.0,093,90945,31
3109393345,"Warsaw precinct, Howard County, Nebraska",-666666666.0,093,93345,31
3109391050,"Gage Valley precinct, Howard County, Nebraska",-666666666.0,093,91050,31
3109393050,"Spring Creek precinct, Howard County, Nebraska",-666666666.0,093,93050,31
3109390855,"Elba precinct, Howard County, Nebraska",-666666666.0,093,90855,31
3109392833,"St. Paul city, Howard County, Nebraska",-666666666.0,093,92833,31
3109390535,"Cleveland precinct, Howard County, Nebraska",-666666666.0,093,90535,31
3109390650,"Dannebrog precinct, Howard County, Nebraska",-666666666.0,093,90650,31
3109392460,"Posen precinct, Howard County, Nebraska",-666666666.0,093,92460,31
3109392835,"St. Paul precinct, Howard County, Nebraska",-666666666.0,093,92835,31
3108938015,"Paddock township, Holt County, Nebraska",-666666666.0,089,38015,31
310899550,"Cleveland township, Holt County, Nebraska",-666666666.0,089,9550,31
3108919980,"Grattan township, Holt County, Nebraska",-666666666.0,089,19980,31
3108943440,"Sand Creek township, Holt County, Nebraska",-666666666.0,089,43440,31
3108953170,"Willowdale township, Holt County, Nebraska",-666666666.0,089,53170,31
310898710,"Chambers township, Holt County, Nebraska",-666666666.0,089,8710,31
3108910320,"Conley township, Holt County, Nebraska",-666666666.0,089,10320,31
3108916305,"Ewing township, Holt County, Nebraska",-666666666.0,089,16305,31
3108916620,"Fairview township, Holt County, Nebraska",-666666666.0,089,16620,31
3108924145,"Iowa township, Holt County, Nebraska",-666666666.0,089,24145,31
3108929890,"McClure township, Holt County, Nebraska",-666666666.0,089,29890,31
3108944175,"Scott township, Holt County, Nebraska",-666666666.0,089,44175,31
3117546485,"Springdale township, Valley County, Nebraska",-666666666.0,175,46485,31
311751885,"Arcadia township, Valley County, Nebraska",-666666666.0,175,1885,31
3117527085,"Liberty township, Valley County, Nebraska",-666666666.0,175,27085,31
3117534860,"North Loup township, Valley County, Nebraska",-666666666.0,175,34860,31
3117537315,"Ord township, Valley County, Nebraska",-666666666.0,175,37315,31
3117515990,"Enterprise township, Valley County, Nebraska",-666666666.0,175,15990,31
3117518545,"Geranium township, Valley County, Nebraska",-666666666.0,175,18545,31
3117531850,"Michigan township, Valley County, Nebraska",-666666666.0,175,31850,31
3117554010,"Yale township, Valley County, Nebraska",-666666666.0,175,54010,31
3117512385,"Davis Creek township, Valley County, Nebraska",-666666666.0,175,12385,31
3117550755,"Vinton township, Valley County, Nebraska",-666666666.0,175,50755,31
3117516130,"Eureka township, Valley County, Nebraska",-666666666.0,175,16130,31
3118390130,"Bartlett precinct, Wheeler County, Nebraska",-666666666.0,183,90130,31
3104125370,"Kilfoil township, Custer County, Nebraska",-666666666.0,041,25370,31
3104132025,"Milburn township, Custer County, Nebraska",-666666666.0,041,32025,31
3104152715,"West Union township, Custer County, Nebraska",-666666666.0,041,52715,31
310416610,"Broken Bow city, Custer County, Nebraska",-666666666.0,041,6610,31
310416645,"Broken Bow township, Custer County, Nebraska",-666666666.0,041,6645,31
3104114940,"Elk Creek township, Custer County, Nebraska",-666666666.0,041,14940,31
3104143720,"Sargent township, Custer County, Nebraska",-666666666.0,041,43720,31
310412130,"Arnold township, Custer County, Nebraska",-666666666.0,041,2130,31
3118390925,"Ericson precinct, Wheeler County, Nebraska",-666666666.0,183,90925,31
3108340220,"Prairie Dog township, Harlan County, Nebraska",-666666666.0,083,40220,31
3108341165,"Republican City township, Harlan County, Nebraska",-666666666.0,083,41165,31
31083520,"Albany township, Harlan County, Nebraska",-666666666.0,083,520,31
3108343580,"Sappa township, Harlan County, Nebraska",-666666666.0,083,43580,31
3108343895,"Scandinavia township, Harlan County, Nebraska",-666666666.0,083,43895,31
3108316515,"Fairfield township, Harlan County, Nebraska",-666666666.0,083,16515,31
3108337455,"Orleans township, Harlan County, Nebraska",-666666666.0,083,37455,31
310831010,"Alma township, Harlan County, Nebraska",-666666666.0,083,1010,31
310831640,"Antelope township, Harlan County, Nebraska",-666666666.0,083,1640,31
3108346555,"Spring Grove township, Harlan County, Nebraska",-666666666.0,083,46555,31
3108349390,"Turkey Creek township, Harlan County, Nebraska",-666666666.0,083,49390,31
3108351490,"Washington township, Harlan County, Nebraska",-666666666.0,083,51490,31
31083975,"Alma city, Harlan County, Nebraska",-666666666.0,083,975,31
3108314695,"Eldorado township, Harlan County, Nebraska",-666666666.0,083,14695,31
3108315780,"Emerson township, Harlan County, Nebraska",-666666666.0,083,15780,31
3108341200,"Reuben township, Harlan County, Nebraska",-666666666.0,083,41200,31
3108333180,"Mullally township, Harlan County, Nebraska",-666666666.0,083,33180,31
3118591800,"Lockridge precinct, York County, Nebraska",-666666666.0,185,91800,31
3118592035,"Morton precinct, York County, Nebraska",-666666666.0,185,92035,31
3118591890,"McFadden precinct, York County, Nebraska",-666666666.0,185,91890,31
3118590370,"Brown precinct, York County, Nebraska",-666666666.0,185,90370,31
3118593180,"Thayer precinct, York County, Nebraska",-666666666.0,185,93180,31
3118593325,"Waco precinct, York County, Nebraska",-666666666.0,185,93325,31
3118593105,"Stewart precinct, York County, Nebraska",-666666666.0,185,93105,31
3118593582,"York city, York County, Nebraska",-666666666.0,185,93582,31
3118591370,"Henderson precinct, York County, Nebraska",-666666666.0,185,91370,31
3118591720,"Leroy precinct, York County, Nebraska",-666666666.0,185,91720,31
3118592115,"New York precinct, York County, Nebraska",-666666666.0,185,92115,31
3118590170,"Beaver precinct, York County, Nebraska",-666666666.0,185,90170,31
3118590340,"Bradshaw precinct, York County, Nebraska",-666666666.0,185,90340,31
3118591350,"Hays precinct, York County, Nebraska",-666666666.0,185,91350,31
3118593410,"West Blue precinct, York County, Nebraska",-666666666.0,185,93410,31
3118590115,"Baker precinct, York County, Nebraska",-666666666.0,185,90115,31
3118590080,"Arborville precinct, York County, Nebraska",-666666666.0,185,90080,31
3106151420,"Washington township, Franklin County, Nebraska",-666666666.0,061,51420,31
310673110,"Barneston township, Gage County, Nebraska",-666666666.0,067,3110,31
3106720890,"Hanover township, Gage County, Nebraska",-666666666.0,067,20890,31
3106728805,"Logan township, Gage County, Nebraska",-666666666.0,067,28805,31
3106737980,"Paddock township, Gage County, Nebraska",-666666666.0,067,37980,31
31067275,"Adams township, Gage County, Nebraska",-666666666.0,067,275,31
310673390,"Beatrice city, Gage County, Nebraska",50104.0,067,3390,31
3106716865,"Filley township, Gage County, Nebraska",-666666666.0,067,16865,31
3106727015,"Liberty township, Gage County, Nebraska",-666666666.0,067,27015,31
3106741620,"Riverside township, Gage County, Nebraska",-666666666.0,067,41620,31
3106745260,"Sicily township, Gage County, Nebraska",-666666666.0,067,45260,31
310675420,"Blakely township, Gage County, Nebraska",-666666666.0,067,5420,31
3106733915,"Nemaha township, Gage County, Nebraska",-666666666.0,067,33915,31
3106744945,"Sherman township, Gage County, Nebraska",-666666666.0,067,44945,31
3106715290,"Elm township, Gage County, Nebraska",-666666666.0,067,15290,31
3106719840,"Grant township, Gage County, Nebraska",-666666666.0,067,19840,31
3106742040,"Rockford township, Gage County, Nebraska",-666666666.0,067,42040,31
3106722395,"Highland township, Gage County, Nebraska",-666666666.0,067,22395,31
3106727260,"Lincoln township, Gage County, Nebraska",-666666666.0,067,27260,31
3106722850,"Holt township, Gage County, Nebraska",-666666666.0,067,22850,31
3106722990,"Hooker township, Gage County, Nebraska",-666666666.0,067,22990,31
3106724250,"Island Grove township, Gage County, Nebraska",-666666666.0,067,24250,31
3106731920,"Midland township, Gage County, Nebraska",-666666666.0,067,31920,31
310675682,"Blue Springs-Wymore township, Gage County, Nebraska",-666666666.0,067,5682,31
310679305,"Clatonia township, Gage County, Nebraska",-666666666.0,067,9305,31
3106719175,"Glenwood township, Gage County, Nebraska",-666666666.0,067,19175,31
3108192513,"Precinct 5, Hamilton County, Nebraska",-666666666.0,081,92513,31
3114393452,"West Pleasant Home precinct, Polk County, Nebraska",-666666666.0,143,93452,31
310899830,"Coleman township, Holt County, Nebraska",-666666666.0,089,9830,31
3108944805,"Sheridan township, Holt County, Nebraska",-666666666.0,089,44805,31
3108914030,"Dustin township, Holt County, Nebraska",-666666666.0,089,14030,31
3108917390,"Francis township, Holt County, Nebraska",-666666666.0,089,17390,31
3108943615,"Saratoga township, Holt County, Nebraska",-666666666.0,089,43615,31
3108945120,"Shields township, Holt County, Nebraska",-666666666.0,089,45120,31
3108915850,"Emmet township, Holt County, Nebraska",-666666666.0,089,15850,31
3108937105,"O'Neill city, Holt County, Nebraska",-666666666.0,089,37105,31
3108939520,"Pleasant View township, Holt County, Nebraska",-666666666.0,089,39520,31
3108953940,"Wyoming township, Holt County, Nebraska",-666666666.0,089,53940,31
3108919280,"Golden township, Holt County, Nebraska",-666666666.0,089,19280,31
3108941935,"Rock Falls township, Holt County, Nebraska",-666666666.0,089,41935,31
3108924110,"Inman township, Holt County, Nebraska",-666666666.0,089,24110,31
310891675,"Antelope township, Holt County, Nebraska",-666666666.0,089,1675,31
310893880,"Belle township, Holt County, Nebraska",-666666666.0,089,3880,31
3111192265,"Osgood precinct, Lincoln County, Nebraska",-666666666.0,111,92265,31
3111193145,"Sutherland precinct, Lincoln County, Nebraska",-666666666.0,111,93145,31
3111191275,"Hall precinct, Lincoln County, Nebraska",-666666666.0,111,91275,31
3111192180,"North Platte precinct, Lincoln County, Nebraska",-666666666.0,111,92180,31
3111193330,"Wallace precinct, Lincoln County, Nebraska",-666666666.0,111,93330,31
3111191945,"Medicine precinct, Lincoln County, Nebraska",-666666666.0,111,91945,31
3111192900,"Sellers precinct, Lincoln County, Nebraska",-666666666.0,111,92900,31
3111191385,"Hershey precinct, Lincoln County, Nebraska",-666666666.0,111,91385,31
311218815,"Chapman township, Merrick County, Nebraska",-666666666.0,121,8815,31
3112129015,"Lone Tree township, Merrick County, Nebraska",-666666666.0,121,29015,31
3112129400,"Loup township, Merrick County, Nebraska",-666666666.0,121,29400,31
3112131360,"Mead township, Merrick County, Nebraska",-666666666.0,121,31360,31
3112140272,"Prairie Island township, Merrick County, Nebraska",-666666666.0,121,40272,31
311218535,"Central City city, Merrick County, Nebraska",-666666666.0,121,8535,31
311219235,"Clarksville township, Merrick County, Nebraska",-666666666.0,121,9235,31
3112145435,"Silver Creek township, Merrick County, Nebraska",-666666666.0,121,45435,31
3112140150,"Prairie Creek township, Merrick County, Nebraska",-666666666.0,121,40150,31
311218500,"Central township, Merrick County, Nebraska",-666666666.0,121,8500,31
3112131955,"Midland township, Merrick County, Nebraska",-666666666.0,121,31955,31
3112150720,"Vieregg township, Merrick County, Nebraska",-666666666.0,121,50720,31
3113992985,"South Dry Creek precinct, Pierce County, Nebraska",-666666666.0,139,92985,31
3113993190,"Thompson precinct, Pierce County, Nebraska",-666666666.0,139,93190,31
3113990030,"Allen precinct, Pierce County, Nebraska",-666666666.0,139,90030,31
3113992358,"Pierce city, Pierce County, Nebraska",-666666666.0,139,92358,31
3113992975,"South Branch precinct, Pierce County, Nebraska",-666666666.0,139,92975,31
3113991015,"Foster precinct, Pierce County, Nebraska",-666666666.0,139,91015,31
3113992000,"Mills precinct, Pierce County, Nebraska",-666666666.0,139,92000,31
3113991830,"Logan precinct, Pierce County, Nebraska",-666666666.0,139,91830,31
3113993500,"Willow Creek precinct, Pierce County, Nebraska",-666666666.0,139,93500,31
3113992160,"North Dry Creek precinct, Pierce County, Nebraska",-666666666.0,139,92160,31
3113990275,"Blaine precinct, Pierce County, Nebraska",-666666666.0,139,90275,31
3113990545,"Clover Valley precinct, Pierce County, Nebraska",-666666666.0,139,90545,31
3113992445,"Plum Grove precinct, Pierce County, Nebraska",-666666666.0,139,92445,31
3113990540,"Cleveland precinct, Pierce County, Nebraska",-666666666.0,139,90540,31
3113990790,"Eastern precinct, Pierce County, Nebraska",-666666666.0,139,90790,31
3113992378,"Plainview city, Pierce County, Nebraska",-666666666.0,139,92378,31
3108922885,"Holt Creek township, Holt County, Nebraska",-666666666.0,089,22885,31
3108944525,"Shamrock township, Holt County, Nebraska",-666666666.0,089,44525,31
3108950475,"Verdigris township, Holt County, Nebraska",-666666666.0,089,50475,31
3108946975,"Steel Creek township, Holt County, Nebraska",-666666666.0,089,46975,31
3108924810,"Josie township, Holt County, Nebraska",-666666666.0,089,24810,31
3108925965,"Lake township, Holt County, Nebraska",-666666666.0,089,25965,31
3108948025,"Swan township, Holt County, Nebraska",-666666666.0,089,48025,31
3108920155,"Green Valley township, Holt County, Nebraska",-666666666.0,089,20155,31
3108912700,"Deloit township, Holt County, Nebraska",-666666666.0,089,12700,31
3108947535,"Stuart township, Holt County, Nebraska",-666666666.0,089,47535,31
310892585,"Atkinson township, Holt County, Nebraska",-666666666.0,089,2585,31
3106590177,"Beaver City city, Furnas County, Nebraska",-666666666.0,065,90177,31
3106590175,"Beaver City precinct, Furnas County, Nebraska",-666666666.0,065,90175,31
3106593525,"Wilsonville precinct, Furnas County, Nebraska",-666666666.0,065,93525,31
3106590445,"Cambridge precinct, Furnas County, Nebraska",-666666666.0,065,90445,31
3106592290,"Oxford precinct, Furnas County, Nebraska",-666666666.0,065,92290,31
3106590845,"Edison precinct, Furnas County, Nebraska",-666666666.0,065,90845,31
3106591375,"Hendley precinct, Furnas County, Nebraska",-666666666.0,065,91375,31
3106591450,"Holbrook precinct, Furnas County, Nebraska",-666666666.0,065,91450,31
3106591455,"Hollinger precinct, Furnas County, Nebraska",-666666666.0,065,91455,31
3106592100,"New Era precinct, Furnas County, Nebraska",-666666666.0,065,92100,31
3106590075,"Arapahoe precinct, Furnas County, Nebraska",-666666666.0,065,90075,31
3107390805,"East Muddy precinct, Gosper County, Nebraska",-666666666.0,073,90805,31
3107390870,"Elk Creek precinct, Gosper County, Nebraska",-666666666.0,073,90870,31
3107390900,"Elwood 7-23 precinct, Gosper County, Nebraska",-666666666.0,073,90900,31
3107390235,"Bethel precinct, Gosper County, Nebraska",-666666666.0,073,90235,31
3107391395,"Highland precinct, Gosper County, Nebraska",-666666666.0,073,91395,31
3107390895,"Elwood 7-22 precinct, Gosper County, Nebraska",-666666666.0,073,90895,31
3107392755,"Robb precinct, Gosper County, Nebraska",-666666666.0,073,92755,31
3107391765,"Lincoln precinct, Gosper County, Nebraska",-666666666.0,073,91765,31
3107390335,"Brace precinct, Gosper County, Nebraska",-666666666.0,073,90335,31
3107393225,"Turkey Creek precinct, Gosper County, Nebraska",-666666666.0,073,93225,31
3107391315,"Harrison precinct, Gosper County, Nebraska",-666666666.0,073,91315,31
3107393245,"Union precinct, Gosper County, Nebraska",-666666666.0,073,93245,31
3107393435,"West Muddy precinct, Gosper County, Nebraska",-666666666.0,073,93435,31
3115190610,"Crete precinct, Saline County, Nebraska",-666666666.0,151,90610,31
3115190100,"Atlanta precinct, Saline County, Nebraska",-666666666.0,151,90100,31
3113992360,"Pierce precinct, Pierce County, Nebraska",-666666666.0,139,92360,31
3113992955,"Slough precinct, Pierce County, Nebraska",-666666666.0,139,92955,31
3116593465,"Whistle Creek precinct, Sioux County, Nebraska",-666666666.0,165,93465,31
3116592910,"Sheep Creek precinct, Sioux County, Nebraska",-666666666.0,165,92910,31
3116590320,"Bowen precinct, Sioux County, Nebraska",-666666666.0,165,90320,31
3102148515,"Tekamah city, Burt County, Nebraska",-666666666.0,021,48515,31
310211955,"Arizona township, Burt County, Nebraska",-666666666.0,021,1955,31
3102111125,"Craig township, Burt County, Nebraska",-666666666.0,021,11125,31
3102135490,"Oakland city, Burt County, Nebraska",-666666666.0,021,35490,31
3102128595,"Logan township, Burt County, Nebraska",-666666666.0,021,28595,31
3102138925,"Pershing township, Burt County, Nebraska",-666666666.0,021,38925,31
310213845,"Bell Creek township, Burt County, Nebraska",-666666666.0,021,3845,31
3102141585,"Riverside township, Burt County, Nebraska",-666666666.0,021,41585,31
3102135525,"Oakland township, Burt County, Nebraska",-666666666.0,021,35525,31
3102112560,"Decatur township, Burt County, Nebraska",-666666666.0,021,12560,31
3102116200,"Everett township, Burt County, Nebraska",-666666666.0,021,16200,31
3102145330,"Silver Creek township, Burt County, Nebraska",-666666666.0,021,45330,31
3102140500,"Quinnebaugh township, Burt County, Nebraska",-666666666.0,021,40500,31
3102147570,"Summit township, Burt County, Nebraska",-666666666.0,021,47570,31
3102593455,"West Rock Bluff precinct, Cass County, Nebraska",-666666666.0,025,93455,31
3102591735,"Liberty precinct, Cass County, Nebraska",-666666666.0,025,91735,31
3102593205,"Tipton precinct, Cass County, Nebraska",-666666666.0,025,93205,31
3102591245,"Greenwood precinct, Cass County, Nebraska",-666666666.0,025,91245,31
3102592065,"Nehawka precinct, Cass County, Nebraska",-666666666.0,025,92065,31
3102593120,"Stove Creek precinct, Cass County, Nebraska",-666666666.0,025,93120,31
3102590470,"Center precinct, Cass County, Nebraska",-666666666.0,025,90470,31
3102592965,"South Bend precinct, Cass County, Nebraska",-666666666.0,025,92965,31
3102593383,"Weeping Water city, Cass County, Nebraska",-666666666.0,025,93383,31
3102590820,"East Rock Bluff precinct, Cass County, Nebraska",-666666666.0,025,90820,31
3102591865,"Louisville precinct, Cass County, Nebraska",-666666666.0,025,91865,31
3102592398,"Plattsmouth city, Cass County, Nebraska",-666666666.0,025,92398,31
3102592850,"Salt Creek precinct, Cass County, Nebraska",-666666666.0,025,92850,31
3102593385,"Weeping Water precinct, Cass County, Nebraska",-666666666.0,025,93385,31
3102590890,"Elmwood precinct, Cass County, Nebraska",-666666666.0,025,90890,31
3102592400,"Plattsmouth precinct, Cass County, Nebraska",-666666666.0,025,92400,31
3102590110,"Avoca precinct, Cass County, Nebraska",-666666666.0,025,90110,31
3115190245,"Big Blue precinct, Saline County, Nebraska",-666666666.0,151,90245,31
3115191035,"Friend precinct, Saline County, Nebraska",-666666666.0,151,91035,31
3115193490,"Wilber precinct, Saline County, Nebraska",-666666666.0,151,93490,31
3115192025,"Monroe precinct, Saline County, Nebraska",-666666666.0,151,92025,31
3115192225,"Olive precinct, Saline County, Nebraska",-666666666.0,151,92225,31
3115191780,"Lincoln precinct, Saline County, Nebraska",-666666666.0,151,91780,31
3115190608,"Crete city, Saline County, Nebraska",65445.0,151,90608,31
3115190705,"De Witt precinct, Saline County, Nebraska",-666666666.0,151,90705,31
3115190725,"Dorchester precinct, Saline County, Nebraska",-666666666.0,151,90725,31
3115191033,"Friend city, Saline County, Nebraska",-666666666.0,151,91033,31
3115192415,"Pleasant Hill precinct, Saline County, Nebraska",-666666666.0,151,92415,31
3115193155,"Swan Creek precinct, Saline County, Nebraska",-666666666.0,151,93155,31
3115193488,"Wilber city, Saline County, Nebraska",-666666666.0,151,93488,31
3115193230,"Turkey Creek precinct, Saline County, Nebraska",-666666666.0,151,93230,31
3115192990,"South Fork precinct, Saline County, Nebraska",-666666666.0,151,92990,31
3115192165,"North Fork precinct, Saline County, Nebraska",-666666666.0,151,92165,31
3115190395,"Brush Creek precinct, Saline County, Nebraska",-666666666.0,151,90395,31
3115392737,"Richland VI precinct, Sarpy County, Nebraska",-666666666.0,153,92737,31
3115392739,"Richland VIII precinct, Sarpy County, Nebraska",61650.0,153,92739,31
3115393065,"Springfield precinct, Sarpy County, Nebraska",-666666666.0,153,93065,31
3115390197,"Bellevue Second I precinct, Sarpy County, Nebraska",46250.0,153,90197,31
3115391685,"La Vista precinct, Sarpy County, Nebraska",93872.0,153,91685,31
3115391950,"Melia-Forest City precinct, Sarpy County, Nebraska",-666666666.0,153,91950,31
3115392310,"Papillion precinct, Sarpy County, Nebraska",91488.0,153,92310,31
3115391433,"Highland II precinct, Sarpy County, Nebraska",-666666666.0,153,91433,31
3115392314,"Papillion Second II precinct, Sarpy County, Nebraska",90875.0,153,92314,31
3115392736,"Richland V precinct, Sarpy County, Nebraska",-666666666.0,153,92736,31
3115390970,"Fairview precinct, Sarpy County, Nebraska",-666666666.0,153,90970,31
3115391145,"Gilmore II precinct, Sarpy County, Nebraska",59167.0,153,91145,31
3115391431,"Highland I precinct, Sarpy County, Nebraska",-666666666.0,153,91431,31
3115391682,"LaPlatte II precinct, Sarpy County, Nebraska",-666666666.0,153,91682,31
3115391140,"Gilmore I precinct, Sarpy County, Nebraska",-666666666.0,153,91140,31
3115392733,"Richland II precinct, Sarpy County, Nebraska",-666666666.0,153,92733,31
3115392738,"Richland VII precinct, Sarpy County, Nebraska",164432.0,153,92738,31
3115392313,"Papillion Second I precinct, Sarpy County, Nebraska",-666666666.0,153,92313,31
3115390198,"Bellevue Second II precinct, Sarpy County, Nebraska",-666666666.0,153,90198,31
3115392734,"Richland III precinct, Sarpy County, Nebraska",68688.0,153,92734,31
3102590850,"Eight Mile Grove precinct, Cass County, Nebraska",-666666666.0,025,90850,31
3102592045,"Mount Pleasant precinct, Cass County, Nebraska",-666666666.0,025,92045,31
3103915010,"Elkhorn township, Cuming County, Nebraska",-666666666.0,039,15010,31
310414685,"Berwyn township, Custer County, Nebraska",-666666666.0,041,4685,31
310419620,"Cliff township, Custer County, Nebraska",-666666666.0,041,9620,31
3104121590,"Hayes township, Custer County, Nebraska",-666666666.0,041,21590,31
3104127120,"Lillian township, Custer County, Nebraska",-666666666.0,041,27120,31
3104152365,"Westerville township, Custer County, Nebraska",-666666666.0,041,52365,31
3104133495,"Myrtle township, Custer County, Nebraska",-666666666.0,041,33495,31
3104142880,"Ryno township, Custer County, Nebraska",-666666666.0,041,42880,31
3104151805,"Wayne township, Custer County, Nebraska",-666666666.0,041,51805,31
3104146450,"Spring Creek township, Custer County, Nebraska",-666666666.0,041,46450,31
3104112630,"Delight township, Custer County, Nebraska",-666666666.0,041,12630,31
3104114170,"East Custer township, Custer County, Nebraska",-666666666.0,041,14170,31
3104114835,"Elim township, Custer County, Nebraska",-666666666.0,041,14835,31
3104149180,"Triumph township, Custer County, Nebraska",-666666666.0,041,49180,31
3104150685,"Victoria township, Custer County, Nebraska",-666666666.0,041,50685,31
31041835,"Algernon township, Custer County, Nebraska",-666666666.0,041,835,31
3104118160,"Garfield township, Custer County, Nebraska",-666666666.0,041,18160,31
3116990390,"Bruning precinct, Thayer County, Nebraska",-666666666.0,169,90390,31
3116990018,"Alexandria precinct, Thayer County, Nebraska",-666666666.0,169,90018,31
3116990498,"Chester precinct, Thayer County, Nebraska",-666666666.0,169,90498,31
3116990660,"Davenport precinct, Thayer County, Nebraska",-666666666.0,169,90660,31
3101790007,"Ainsworth city, Brown County, Nebraska",-666666666.0,017,90007,31
3101793005,"South Pine precinct, Brown County, Nebraska",-666666666.0,017,93005,31
3101791555,"Johnstown precinct, Brown County, Nebraska",-666666666.0,017,91555,31
3101792175,"North Pine precinct, Brown County, Nebraska",-666666666.0,017,92175,31
3101790010,"Ainsworth precinct, Brown County, Nebraska",-666666666.0,017,90010,31
3104592472,"Precinct 01, Dawes County, Nebraska",-666666666.0,045,92472,31
3113792496,"Precinct 3, Phelps County, Nebraska",-666666666.0,137,92496,31
3113792476,"Precinct 1, Phelps County, Nebraska",-666666666.0,137,92476,31
3113792486,"Precinct 2, Phelps County, Nebraska",-666666666.0,137,92486,31
3113792506,"Precinct 4, Phelps County, Nebraska",-666666666.0,137,92506,31
3113792563,"Precinct 11, Phelps County, Nebraska",-666666666.0,137,92563,31
3113792516,"Precinct 5, Phelps County, Nebraska",-666666666.0,137,92516,31
3113792526,"Precinct 6, Phelps County, Nebraska",-666666666.0,137,92526,31
3113792536,"Precinct 7, Phelps County, Nebraska",-666666666.0,137,92536,31
3113792544,"Precinct 8, Phelps County, Nebraska",-666666666.0,137,92544,31
3113792548,"Precinct 9, Phelps County, Nebraska",-666666666.0,137,92548,31
3113792558,"Precinct 10, Phelps County, Nebraska",-666666666.0,137,92558,31
3113792572,"Precinct 13, Phelps County, Nebraska",-666666666.0,137,92572,31
3113792567,"Precinct 12, Phelps County, Nebraska",-666666666.0,137,92567,31
3116793047,"Spring Branch 2 precinct, Stanton County, Nebraska",-666666666.0,167,93047,31
3104592482,"Precinct 02, Dawes County, Nebraska",-666666666.0,045,92482,31
3104592492,"Precinct 03, Dawes County, Nebraska",-666666666.0,045,92492,31
3104592502,"Precinct 04, Dawes County, Nebraska",-666666666.0,045,92502,31
3104592512,"Precinct 05, Dawes County, Nebraska",-666666666.0,045,92512,31
3104592522,"Precinct 06, Dawes County, Nebraska",-666666666.0,045,92522,31
3104592532,"Precinct 07, Dawes County, Nebraska",-666666666.0,045,92532,31
3104592542,"Precinct 08, Dawes County, Nebraska",-666666666.0,045,92542,31
3116991358,"Hebron North precinct, Thayer County, Nebraska",-666666666.0,169,91358,31
3116991359,"Hebron South precinct, Thayer County, Nebraska",-666666666.0,169,91359,31
3117193187,"Thomas precinct, Thomas County, Nebraska",-666666666.0,171,93187,31
3113590718,"District 2, Perkins County, Nebraska",-666666666.0,135,90718,31
3113590720,"District 3, Perkins County, Nebraska",-666666666.0,135,90720,31
3113590716,"District 1, Perkins County, Nebraska",-666666666.0,135,90716,31
3107793530,"Wolbach precinct, Greeley County, Nebraska",-666666666.0,077,93530,31
3118190717,"District 1, Webster County, Nebraska",-666666666.0,181,90717,31
3104592547,"Precinct 09, Dawes County, Nebraska",-666666666.0,045,92547,31
3103392949,"Sidney 4 precinct, Cheyenne County, Nebraska",-666666666.0,033,92949,31
3103392950,"Sidney 5 precinct, Cheyenne County, Nebraska",-666666666.0,033,92950,31
3103392947,"Sidney 2 precinct, Cheyenne County, Nebraska",-666666666.0,033,92947,31
3101390857,"Eleven precinct, Box Butte County, Nebraska",-666666666.0,013,90857,31
3101390992,"Fifteen precinct, Box Butte County, Nebraska",-666666666.0,013,90992,31
3110590724,"Dix precinct, Kimball County, Nebraska",-666666666.0,105,90724,31
3115390190,"Bellevue precinct, Sarpy County, Nebraska",53730.0,153,90190,31
3115390200,"Bellevue Second IV precinct, Sarpy County, Nebraska",-666666666.0,153,90200,31
3103392948,"Sidney 3 precinct, Cheyenne County, Nebraska",-666666666.0,033,92948,31
3118190719,"District 2, Webster County, Nebraska",-666666666.0,181,90719,31
3118190721,"District 3, Webster County, Nebraska",-666666666.0,181,90721,31
3118190722,"District 4, Webster County, Nebraska",-666666666.0,181,90722,31
3118190723,"District 5, Webster County, Nebraska",-666666666.0,181,90723,31
3116193017,"South Sheridan precinct, Sheridan County, Nebraska",-666666666.0,161,93017,31
3101992508,"Precinct 5, Buffalo County, Nebraska",-666666666.0,019,92508,31
3102990487,"Champion-Lamar precinct, Chase County, Nebraska",-666666666.0,029,90487,31
3101992498,"Precinct 4, Buffalo County, Nebraska",-666666666.0,019,92498,31
3116990690,"Deshler precinct, Thayer County, Nebraska",-666666666.0,169,90690,31
3116991357,"Hebron city, Thayer County, Nebraska",-666666666.0,169,91357,31
3101992468,"Precinct 1, Buffalo County, Nebraska",-666666666.0,019,92468,31
3101992478,"Precinct 2, Buffalo County, Nebraska",-666666666.0,019,92478,31
3101992518,"Precinct 6, Buffalo County, Nebraska",-666666666.0,019,92518,31
3101992528,"Precinct 7, Buffalo County, Nebraska",-666666666.0,019,92528,31
3101992538,"Precinct 8, Buffalo County, Nebraska",-666666666.0,019,92538,31
3101992545,"Precinct 9, Buffalo County, Nebraska",-666666666.0,019,92545,31
3101992559,"Precinct 11, Buffalo County, Nebraska",-666666666.0,019,92559,31
3101992568,"Precinct 13, Buffalo County, Nebraska",-666666666.0,019,92568,31
3101992573,"Precinct 14, Buffalo County, Nebraska",-666666666.0,019,92573,31
3101992598,"Precinct 19, Buffalo County, Nebraska",-666666666.0,019,92598,31
3101992603,"Precinct 20, Buffalo County, Nebraska",-666666666.0,019,92603,31
3101992488,"Precinct 3, Buffalo County, Nebraska",-666666666.0,019,92488,31
3101992553,"Precinct 10, Buffalo County, Nebraska",-666666666.0,019,92553,31
3101992564,"Precinct 12, Buffalo County, Nebraska",-666666666.0,019,92564,31
3101992578,"Precinct 15, Buffalo County, Nebraska",-666666666.0,019,92578,31
3101992583,"Precinct 16, Buffalo County, Nebraska",-666666666.0,019,92583,31
3101992588,"Precinct 17, Buffalo County, Nebraska",-666666666.0,019,92588,31
3101992593,"Precinct 18, Buffalo County, Nebraska",-666666666.0,019,92593,31
3101992608,"Precinct 21, Buffalo County, Nebraska",-666666666.0,019,92608,31
3101992612,"Precinct 22, Buffalo County, Nebraska",-666666666.0,019,92612,31
3101992616,"Precinct 23, Buffalo County, Nebraska",-666666666.0,019,92616,31
3101992618,"Precinct 24, Buffalo County, Nebraska",-666666666.0,019,92618,31
3101992622,"Precinct 25, Buffalo County, Nebraska",-666666666.0,019,92622,31
3101992624,"Precinct 26, Buffalo County, Nebraska",-666666666.0,019,92624,31
3101992626,"Precinct 27, Buffalo County, Nebraska",-666666666.0,019,92626,31
3101992628,"Precinct 28, Buffalo County, Nebraska",-666666666.0,019,92628,31
3115992634,"Precinct B, Seward County, Nebraska",-666666666.0,159,92634,31
3101992629,"Precinct 29, Buffalo County, Nebraska",-666666666.0,019,92629,31
3102792546,"Precinct 9, Cedar County, Nebraska",-666666666.0,027,92546,31
3115992632,"Precinct A, Seward County, Nebraska",-666666666.0,159,92632,31
3103927190,"Lincoln township, Cuming County, Nebraska",-666666666.0,039,27190,31
3103933845,"Neligh township, Cuming County, Nebraska",-666666666.0,039,33845,31
3103952575,"West Point city, Cuming County, Nebraska",-666666666.0,039,52575,31
3103919735,"Grant township, Cuming County, Nebraska",-666666666.0,039,19735,31
3103942985,"St. Charles township, Cuming County, Nebraska",-666666666.0,039,42985,31
3103953485,"Wisner township, Cuming County, Nebraska",-666666666.0,039,53485,31
310393670,"Beemer township, Cuming County, Nebraska",-666666666.0,039,3670,31
310395280,"Blaine township, Cuming County, Nebraska",-666666666.0,039,5280,31
3103918125,"Garfield township, Cuming County, Nebraska",-666666666.0,039,18125,31
3103928665,"Logan township, Cuming County, Nebraska",-666666666.0,039,28665,31
3103932690,"Monterey township, Cuming County, Nebraska",-666666666.0,039,32690,31
3103944910,"Sherman township, Cuming County, Nebraska",-666666666.0,039,44910,31
3103911685,"Cuming township, Cuming County, Nebraska",-666666666.0,039,11685,31
310393022,"Bancroft township, Cuming County, Nebraska",-666666666.0,039,3022,31
3103953450,"Wisner city, Cuming County, Nebraska",-666666666.0,039,53450,31
310399515,"Cleveland township, Cuming County, Nebraska",-666666666.0,039,9515,31
310395063,"Bismark township, Cuming County, Nebraska",-666666666.0,039,5063,31
3105151105,"Wakefield township, Dixon County, Nebraska",-666666666.0,051,51105,31
310519130,"Clark township, Dixon County, Nebraska",-666666666.0,051,9130,31
3105111965,"Daily township, Dixon County, Nebraska",-666666666.0,051,11965,31
3105137665,"Ottercreek township, Dixon County, Nebraska",-666666666.0,051,37665,31
3105110285,"Concord township, Dixon County, Nebraska",-666666666.0,051,10285,31
3105139695,"Ponca city, Dixon County, Nebraska",-666666666.0,051,39695,31
3105145365,"Silvercreek township, Dixon County, Nebraska",-666666666.0,051,45365,31
3105146415,"Springbank township, Dixon County, Nebraska",-666666666.0,051,46415,31
3105117915,"Galena township, Dixon County, Nebraska",-666666666.0,051,17915,31
3105122955,"Hooker township, Dixon County, Nebraska",-666666666.0,051,22955,31
3105128700,"Logan township, Dixon County, Nebraska",-666666666.0,051,28700,31
3105134125,"Newcastle township, Dixon County, Nebraska",-666666666.0,051,34125,31
3105139730,"Ponca township, Dixon County, Nebraska",-666666666.0,051,39730,31
3105115745,"Emerson township, Dixon County, Nebraska",-666666666.0,051,15745,31
3105791272,"Haigler precinct, Dundy County, Nebraska",-666666666.0,057,91272,31
3105790215,"Benkelman No. 3 precinct, Dundy County, Nebraska",-666666666.0,057,90215,31
3115391010,"Forest City No. 1 precinct, Sarpy County, Nebraska",-666666666.0,153,91010,31
3115392381,"Platford-Springfield I precinct, Sarpy County, Nebraska",-666666666.0,153,92381,31
3115392382,"Platford-Springfield II precinct, Sarpy County, Nebraska",-666666666.0,153,92382,31
3115392732,"Richland I precinct, Sarpy County, Nebraska",-666666666.0,153,92732,31
3115390199,"Bellevue Second III precinct, Sarpy County, Nebraska",-666666666.0,153,90199,31
3115391012,"Forest City No. 2 precinct, Sarpy County, Nebraska",-666666666.0,153,91012,31
3115392735,"Richland IV precinct, Sarpy County, Nebraska",-666666666.0,153,92735,31
3115391681,"LaPlatte I precinct, Sarpy County, Nebraska",-666666666.0,153,91681,31
311731377,"Anderson township, Thurston County, Nebraska",-666666666.0,173,1377,31
3117337017,"Omaha township, Thurston County, Nebraska",-666666666.0,173,37017,31
3117317022,"Flournoy township, Thurston County, Nebraska",-666666666.0,173,17022,31
3117331832,"Merry township, Thurston County, Nebraska",-666666666.0,173,31832,31
311735122,"Blackbird township, Thurston County, Nebraska",-666666666.0,173,5122,31
311736907,"Bryan township, Thurston County, Nebraska",-666666666.0,173,6907,31
3117338907,"Perry township, Thurston County, Nebraska",-666666666.0,173,38907,31
3117353295,"Winnebago township, Thurston County, Nebraska",-666666666.0,173,53295,31
3117312402,"Dawes township, Thurston County, Nebraska",-666666666.0,173,12402,31
3117338767,"Pender township, Thurston County, Nebraska",-666666666.0,173,38767,31
3117348672,"Thayer township, Thurston County, Nebraska",-666666666.0,173,48672,31
3117749129,"Township 5, Washington County, Nebraska",-666666666.0,177,49129,31
3117749130,"Township 6, Washington County, Nebraska",-666666666.0,177,49130,31
3117749131,"Township 7, Washington County, Nebraska",-666666666.0,177,49131,31
3117749126,"Township 2, Washington County, Nebraska",-666666666.0,177,49126,31
311775350,"Blair city, Washington County, Nebraska",-666666666.0,177,5350,31
3117749125,"Township 1, Washington County, Nebraska",-666666666.0,177,49125,31
3101546310,"Spencer township, Boyd County, Nebraska",-666666666.0,015,46310,31
310157520,"Butte township, Boyd County, Nebraska",-666666666.0,015,7520,31
3101529785,"Lynch township, Boyd County, Nebraska",-666666666.0,015,29785,31
3101529995,"McCulley township, Boyd County, Nebraska",-666666666.0,015,29995,31
310153197,"Basin township, Boyd County, Nebraska",-666666666.0,015,3197,31
3101533215,"Mullen township, Boyd County, Nebraska",-666666666.0,015,33215,31
310156435,"Bristow township, Boyd County, Nebraska",-666666666.0,015,6435,31
310157380,"Bush township, Boyd County, Nebraska",-666666666.0,015,7380,31
3101532935,"Morton township, Boyd County, Nebraska",-666666666.0,015,32935,31
3105790210,"Benkelman No. 2 precinct, Dundy County, Nebraska",-666666666.0,057,90210,31
3105792283,"Ough precinct, Dundy County, Nebraska",-666666666.0,057,92283,31
3105790205,"Benkelman No. 1 precinct, Dundy County, Nebraska",-666666666.0,057,90205,31
3108590950,"Fairfield precinct, Hayes County, Nebraska",-666666666.0,085,90950,31
3108591460,"Hopewell precinct, Hayes County, Nebraska",-666666666.0,085,91460,31
3108591335,"Hayes Center precinct, Hayes County, Nebraska",-666666666.0,085,91335,31
3108591175,"Government precinct, Hayes County, Nebraska",-666666666.0,085,91175,31
3108591290,"Hamlet precinct, Hayes County, Nebraska",-666666666.0,085,91290,31
3108590050,"Antelope precinct, Hayes County, Nebraska",-666666666.0,085,90050,31
3108591105,"Germanville precinct, Hayes County, Nebraska",-666666666.0,085,91105,31
3108593195,"Thornburg precinct, Hayes County, Nebraska",-666666666.0,085,93195,31
3103190530,"Cleveland precinct, Cherry County, Nebraska",-666666666.0,031,90530,31
3103191590,"Kilgore precinct, Cherry County, Nebraska",-666666666.0,031,91590,31
3103192810,"Russell precinct, Cherry County, Nebraska",-666666666.0,031,92810,31
3103193278,"Valentine city, Cherry County, Nebraska",-666666666.0,031,93278,31
3103190615,"Crookston precinct, Cherry County, Nebraska",-666666666.0,031,90615,31
3103191960,"Merriman precinct, Cherry County, Nebraska",-666666666.0,031,91960,31
3103192040,"Mother Lake precinct, Cherry County, Nebraska",-666666666.0,031,92040,31
3103190125,"Barley precinct, Cherry County, Nebraska",-666666666.0,031,90125,31
3103191165,"Goose Creek precinct, Cherry County, Nebraska",-666666666.0,031,91165,31
3103191655,"Lackey precinct, Cherry County, Nebraska",-666666666.0,031,91655,31
3103191870,"Loup precinct, Cherry County, Nebraska",-666666666.0,031,91870,31
3103192095,"Nenzel precinct, Cherry County, Nebraska",-666666666.0,031,92095,31
3103193280,"Valentine precinct, Cherry County, Nebraska",-666666666.0,031,93280,31
3103191135,"Gillaspie precinct, Cherry County, Nebraska",-666666666.0,031,91135,31
3103191575,"Kennedy precinct, Cherry County, Nebraska",-666666666.0,031,91575,31
3103191610,"King precinct, Cherry County, Nebraska",-666666666.0,031,91610,31
3103193400,"Wells precinct, Cherry County, Nebraska",-666666666.0,031,93400,31
3103190550,"Cody precinct, Cherry County, Nebraska",-666666666.0,031,90550,31
3103193535,"Wood Lake precinct, Cherry County, Nebraska",-666666666.0,031,93535,31
3105316235,"Everett township, Dodge County, Nebraska",-666666666.0,053,16235,31
3105323060,"Hooper township, Dodge County, Nebraska",-666666666.0,053,23060,31
3105330450,"Maple township, Dodge County, Nebraska",-666666666.0,053,30450,31
3105344280,"Scribner city, Dodge County, Nebraska",-666666666.0,053,44280,31
3105351910,"Webster township, Dodge County, Nebraska",-666666666.0,053,51910,31
3105338645,"Pebble township, Dodge County, Nebraska",-666666666.0,053,38645,31
3105349670,"Union township, Dodge County, Nebraska",-666666666.0,053,49670,31
3105328735,"Logan township, Dodge County, Nebraska",-666666666.0,053,28735,31
3105339275,"Platte township, Dodge County, Nebraska",-666666666.0,053,39275,31
3105311720,"Cuming township, Dodge County, Nebraska",-666666666.0,053,11720,31
3105339485,"Pleasant Valley township, Dodge County, Nebraska",-666666666.0,053,39485,31
3105315045,"Elkhorn township, Dodge County, Nebraska",-666666666.0,053,15045,31
3105317670,"Fremont city, Dodge County, Nebraska",-666666666.0,053,17670,31
3105334335,"Nickerson township, Dodge County, Nebraska",-666666666.0,053,34335,31
3105341410,"Ridgeley township, Dodge County, Nebraska",-666666666.0,053,41410,31
3105310775,"Cotterell township, Dodge County, Nebraska",-666666666.0,053,10775,31
3105334720,"North Bend city, Dodge County, Nebraska",-666666666.0,053,34720,31
310594335,"Bennett township, Fillmore County, Nebraska",-666666666.0,059,4335,31
3105920715,"Hamilton township, Fillmore County, Nebraska",-666666666.0,059,20715,31
3108591400,"Highland precinct, Hayes County, Nebraska",-666666666.0,085,91400,31
3108590570,"Concord precinct, Hayes County, Nebraska",-666666666.0,085,90570,31
3108590675,"Deerfield precinct, Hayes County, Nebraska",-666666666.0,085,90675,31
3108591320,"Harrison precinct, Hayes County, Nebraska",-666666666.0,085,91320,31
3108590255,"Blackwood precinct, Hayes County, Nebraska",-666666666.0,085,90255,31
3108591440,"High Ridge precinct, Hayes County, Nebraska",-666666666.0,085,91440,31
3115992636,"Precinct C, Seward County, Nebraska",-666666666.0,159,92636,31
3115992638,"Precinct D, Seward County, Nebraska",-666666666.0,159,92638,31
3115992642,"Precinct E, Seward County, Nebraska",-666666666.0,159,92642,31
3115992644,"Precinct F, Seward County, Nebraska",-666666666.0,159,92644,31
3115992646,"Precinct G, Seward County, Nebraska",-666666666.0,159,92646,31
3115992648,"Precinct H, Seward County, Nebraska",-666666666.0,159,92648,31
