geoid,name,total,native,foreign_born,county,county subdivision,state
4809791435,"Gainesville CCD, Cooke County, Texas",16431.0,14256.0,2175.0,097,91435,48
4848993205,"Raymondville CCD, Willacy County, Texas",13687.0,11281.0,2406.0,489,93205,48
4809793995,"Valley View CCD, Cooke County, Texas",4820.0,4671.0,149.0,097,93995,48
4809791440,"Gainesville Southeast CCD, Cooke County, Texas",6978.0,6563.0,415.0,097,91440,48
4809790580,"Callisburg CCD, Cooke County, Texas",5933.0,5349.0,584.0,097,90580,48
4809792680,"Muenster CCD, Cooke County, Texas",4902.0,4765.0,137.0,097,92680,48
4810790905,"Crosbyton CCD, Crosby County, Texas",2069.0,2006.0,63.0,107,90905,48
4810793185,"Ralls CCD, Crosby County, Texas",2254.0,2202.0,52.0,107,93185,48
4810792290,"Lorenzo CCD, Crosby County, Texas",1572.0,1535.0,37.0,107,92290,48
4811592125,"Lamesa Southwest CCD, Dawson County, Texas",304.0,262.0,42.0,115,92125,48
4811592115,"Lamesa Northwest CCD, Dawson County, Texas",354.0,331.0,23.0,115,92115,48
4811592105,"Lamesa CCD, Dawson County, Texas",11646.0,10862.0,784.0,115,92105,48
4811592120,"Lamesa Southeast CCD, Dawson County, Texas",357.0,305.0,52.0,115,92120,48
4811592110,"Lamesa Northeast CCD, Dawson County, Texas",434.0,374.0,60.0,115,92110,48
4815193275,"Roby CCD, Fisher County, Texas",1855.0,1817.0,38.0,151,93275,48
4815193340,"Rotan CCD, Fisher County, Texas",1771.0,1622.0,149.0,151,93340,48
4815192350,"McCaulley CCD, Fisher County, Texas",249.0,233.0,16.0,151,92350,48
4813193215,"Realitos-Concepcion CCD, Duval County, Texas",1174.0,1121.0,53.0,131,93215,48
4813190260,"Benavides CCD, Duval County, Texas",2535.0,2359.0,176.0,131,90260,48
4813193420,"San Diego CCD, Duval County, Texas",4750.0,4396.0,354.0,131,93420,48
4813191405,"Freer CCD, Duval County, Texas",2975.0,2918.0,57.0,131,91405,48
4805192890,"Old River CCD, Burleson County, Texas",3010.0,2543.0,467.0,051,92890,48
4805193610,"Somerville CCD, Burleson County, Texas",4538.0,4447.0,91.0,051,93610,48
4805190570,"Caldwell CCD, Burleson County, Texas",8654.0,8043.0,611.0,051,90570,48
4805190825,"Cooks Point CCD, Burleson County, Texas",1394.0,1303.0,91.0,051,90825,48
4803190330,"Blanco CCD, Blanco County, Texas",5856.0,5258.0,598.0,031,90330,48
4803191950,"Johnson City CCD, Blanco County, Texas",5233.0,5026.0,207.0,031,91950,48
4824190520,"Buna CCD, Jasper County, Texas",10591.0,10447.0,144.0,241,90520,48
4824191920,"Jasper CCD, Jasper County, Texas",17669.0,17101.0,568.0,241,91920,48
4824192040,"Kirbyville CCD, Jasper County, Texas",7184.0,7089.0,95.0,241,92040,48
4824592770,"Nome-China CCD, Jefferson County, Texas",10042.0,9591.0,451.0,245,92770,48
4824590230,"Beaumont CCD, Jefferson County, Texas",117248.0,104922.0,12326.0,245,90230,48
4824593385,"Sabine Pass CCD, Jefferson County, Texas",2158.0,1956.0,202.0,245,93385,48
4827190400,"Brackettville CCD, Kinney County, Texas",3631.0,2994.0,637.0,271,90400,48
4811791790,"Hereford West CCD, Deaf Smith County, Texas",599.0,563.0,36.0,117,91790,48
4811791785,"Hereford East CCD, Deaf Smith County, Texas",18348.0,15277.0,3071.0,117,91785,48
4816791445,"Galveston CCD, Galveston County, Texas",50720.0,43915.0,6805.0,167,91445,48
4823390385,"Borger CCD, Hutchinson County, Texas",19368.0,18325.0,1043.0,233,90385,48
4823393750,"Stinnett CCD, Hutchinson County, Texas",2336.0,2220.0,116.0,233,93750,48
4816391055,"Dilley CCD, Frio County, Texas",5371.0,4829.0,542.0,163,91055,48
4810390885,"Crane South CCD, Crane County, Texas",3314.0,2647.0,667.0,103,90885,48
4810390880,"Crane North CCD, Crane County, Texas",1522.0,1242.0,280.0,103,90880,48
4828190015,"Adamsville CCD, Lampasas County, Texas",777.0,755.0,22.0,281,90015,48
4828192255,"Lometa CCD, Lampasas County, Texas",1534.0,1415.0,119.0,281,92255,48
4828192130,"Lampasas CCD, Lampasas County, Texas",18162.0,17344.0,818.0,281,92130,48
4830793280,"Rochelle CCD, McCulloch County, Texas",691.0,681.0,10.0,307,93280,48
4830792505,"Melvin CCD, McCulloch County, Texas",663.0,620.0,43.0,307,92505,48
4830790405,"Brady CCD, McCulloch County, Texas",6791.0,6441.0,350.0,307,90405,48
4831992450,"Mason West CCD, Mason County, Texas",1069.0,1043.0,26.0,319,92450,48
4816790370,"Bolivar Peninsula CCD, Galveston County, Texas",2190.0,1972.0,218.0,167,90370,48
4816793880,"Texas City-League City CCD, Galveston County, Texas",244525.0,221878.0,22647.0,167,93880,48
4816792100,"La Marque-Hitchcock CCD, Galveston County, Texas",23749.0,21857.0,1892.0,167,92100,48
4814191225,"El Paso North Central CCD, El Paso County, Texas",13520.0,12475.0,1045.0,141,91225,48
4814191215,"El Paso CCD, El Paso County, Texas",544309.0,406002.0,138307.0,141,91215,48
4814191220,"El Paso East CCD, El Paso County, Texas",184183.0,131200.0,52983.0,141,91220,48
4814191230,"El Paso Northwest CCD, El Paso County, Texas",92813.0,72791.0,20022.0,141,91230,48
4828390870,"Cotulla CCD, La Salle County, Texas",6096.0,5845.0,251.0,283,90870,48
4828391240,"Encinal CCD, La Salle County, Texas",1322.0,993.0,329.0,283,91240,48
4839392555,"Miami CCD, Roberts County, Texas",889.0,864.0,25.0,393,92555,48
4844394175,"West Terrell CCD, Terrell County, Texas",628.0,613.0,15.0,443,94175,48
4844391140,"East Terrell CCD, Terrell County, Texas",93.0,83.0,10.0,443,91140,48
4845790785,"Colmesneil-Chester CCD, Tyler County, Texas",2952.0,2927.0,25.0,457,90785,48
4845794075,"Warren CCD, Tyler County, Texas",2702.0,2652.0,50.0,457,94075,48
4845794285,"Woodville CCD, Tyler County, Texas",10636.0,10264.0,372.0,457,94285,48
4845793710,"Spurger CCD, Tyler County, Texas",5166.0,5166.0,0.0,457,93710,48
4846393375,"Sabinal CCD, Uvalde County, Texas",3144.0,3069.0,75.0,463,93375,48
4846393980,"Uvalde CCD, Uvalde County, Texas",23871.0,20477.0,3394.0,463,93980,48
4848393545,"Shamrock CCD, Wheeler County, Texas",2617.0,2564.0,53.0,483,93545,48
4848394190,"Wheeler CCD, Wheeler County, Texas",2982.0,2580.0,402.0,483,94190,48
4803790950,"Dalby Springs-Simms CCD, Bowie County, Texas",2312.0,2312.0,0.0,037,90950,48
4803790980,"De Kalb CCD, Bowie County, Texas",5159.0,5011.0,148.0,037,90980,48
4803791830,"Hooks CCD, Bowie County, Texas",5451.0,5269.0,182.0,037,91830,48
4803792725,"New Boston CCD, Bowie County, Texas",10456.0,10033.0,423.0,037,92725,48
4803793875,"Texarkana CCD, Bowie County, Texas",60235.0,57403.0,2832.0,037,93875,48
4800990130,"Archer City CCD, Archer County, Texas",3401.0,3262.0,139.0,009,90130,48
4800991815,"Holliday CCD, Archer County, Texas",5392.0,5341.0,51.0,009,91815,48
4804392390,"Marathon CCD, Brewster County, Texas",552.0,488.0,64.0,043,92390,48
4804390040,"Alpine CCD, Brewster County, Texas",8668.0,8145.0,523.0,043,90040,48
4826391930,"Jayton South CCD, Kent County, Texas",535.0,531.0,4.0,263,91930,48
4826391925,"Jayton North CCD, Kent County, Texas",145.0,145.0,0.0,263,91925,48
4821592600,"Mission CCD, Hidalgo County, Texas",169500.0,116937.0,52563.0,215,92600,48
4821593155,"Puerto Rico-San Manuel CCD, Hidalgo County, Texas",1107.0,958.0,149.0,215,93155,48
4821593650,"Southeast Hidalgo CCD, Hidalgo County, Texas",132773.0,102668.0,30105.0,215,93650,48
4821591155,"Edcouch-Elsa CCD, Hidalgo County, Texas",35233.0,27742.0,7491.0,215,91155,48
4821592340,"McAllen-Pharr CCD, Hidalgo County, Texas",285572.0,199351.0,86221.0,215,92340,48
4821593785,"Sullivan City CCD, Hidalgo County, Texas",36302.0,24786.0,11516.0,215,93785,48
4821591170,"Edinburg CCD, Hidalgo County, Texas",177706.0,136951.0,40755.0,215,91170,48
4821591710,"Hargill CCD, Hidalgo County, Texas",1346.0,1093.0,253.0,215,91710,48
4842390515,"Bullard CCD, Smith County, Texas",32666.0,31406.0,1260.0,423,90515,48
4842393970,"Tyler CCD, Smith County, Texas",102119.0,89580.0,12539.0,423,93970,48
4814393735,"Stephenville CCD, Erath County, Texas",29742.0,27791.0,1951.0,143,93735,48
4814391085,"Dublin CCD, Erath County, Texas",5947.0,5050.0,897.0,143,91085,48
4814392645,"Morgan Mill-Bluff Dale CCD, Erath County, Texas",3311.0,3220.0,91.0,143,92645,48
4803990055,"Alvin-Pearland CCD, Brazoria County, Texas",203954.0,173059.0,30895.0,039,90055,48
4803990410,"Brazoria-West Columbia CCD, Brazoria County, Texas",32149.0,30386.0,1763.0,039,90410,48
4842394205,"Whitehouse CCD, Smith County, Texas",28860.0,26850.0,2010.0,423,94205,48
4842393950,"Troup-Arp CCD, Smith County, Texas",9894.0,9636.0,258.0,423,93950,48
4842394260,"Winona CCD, Smith County, Texas",5296.0,5202.0,94.0,423,94260,48
4842393975,"Tyler East CCD, Smith County, Texas",20500.0,19047.0,1453.0,423,93975,48
4842392210,"Lindale CCD, Smith County, Texas",22942.0,22102.0,840.0,423,92210,48
4842591535,"Glen Rose CCD, Somervell County, Texas",8650.0,8302.0,348.0,425,91535,48
4810591120,"East Crockett CCD, Crockett County, Texas",3698.0,3415.0,283.0,105,91120,48
4810594160,"West Crockett CCD, Crockett County, Texas",138.0,138.0,0.0,105,94160,48
4819993625,"Sour Lake CCD, Hardin County, Texas",5756.0,5695.0,61.0,199,93625,48
4819993570,"Silsbee CCD, Hardin County, Texas",16039.0,15749.0,290.0,199,93570,48
4819993460,"Saratoga-Batson CCD, Hardin County, Texas",3426.0,3426.0,0.0,199,93460,48
4820793360,"Rule CCD, Haskell County, Texas",814.0,789.0,25.0,207,93360,48
4819992055,"Kountze CCD, Hardin County, Texas",14084.0,13626.0,458.0,199,92055,48
4820793285,"Rochester CCD, Haskell County, Texas",600.0,566.0,34.0,207,93285,48
4820793390,"Sagerton CCD, Haskell County, Texas",296.0,276.0,20.0,207,93390,48
4822790300,"Big Spring CCD, Howard County, Texas",32339.0,28691.0,3648.0,227,90300,48
4820794125,"Weinert CCD, Haskell County, Texas",318.0,309.0,9.0,207,94125,48
4820791735,"Haskell CCD, Haskell County, Texas",3778.0,2946.0,832.0,207,91735,48
4822790305,"Big Spring North CCD, Howard County, Texas",2220.0,2011.0,209.0,227,90305,48
4822790770,"Coahoma CCD, Howard County, Texas",1932.0,1906.0,26.0,227,90770,48
4828990680,"Centerville CCD, Leon County, Texas",5515.0,5343.0,172.0,289,90680,48
4828992775,"Normangee CCD, Leon County, Texas",2715.0,2623.0,92.0,289,92775,48
4828990510,"Buffalo CCD, Leon County, Texas",5555.0,4744.0,811.0,289,90510,48
4828992870,"Oakwood CCD, Leon County, Texas",1248.0,1225.0,23.0,289,92870,48
4833392690,"Mullin-Priddy CCD, Mills County, Texas",1767.0,1713.0,54.0,333,92690,48
4833391550,"Goldthwaite CCD, Mills County, Texas",3120.0,2850.0,270.0,333,91550,48
4833792765,"Nocona CCD, Montague County, Texas",4627.0,4322.0,305.0,337,92765,48
4833792610,"Montague-Forestburg CCD, Montague County, Texas",1979.0,1935.0,44.0,337,92610,48
4833790390,"Bowie CCD, Montague County, Texas",10180.0,9507.0,673.0,337,90390,48
4833793395,"St. Jo CCD, Montague County, Texas",2620.0,2575.0,45.0,337,93395,48
4803990415,"Brazosport CCD, Brazoria County, Texas",61962.0,53731.0,8231.0,039,90415,48
4812991760,"Hedley CCD, Donley County, Texas",527.0,500.0,27.0,129,91760,48
4812990730,"Clarendon CCD, Donley County, Texas",2906.0,2847.0,59.0,129,90730,48
4801391955,"Jourdanton CCD, Atascosa County, Texas",5976.0,5856.0,120.0,013,91955,48
4801390595,"Campbellton CCD, Atascosa County, Texas",367.0,324.0,43.0,013,90595,48
4801393070,"Pleasanton CCD, Atascosa County, Texas",17957.0,16996.0,961.0,013,93070,48
4801393120,"Poteet CCD, Atascosa County, Texas",21154.0,19455.0,1699.0,013,93120,48
4801390695,"Charlotte CCD, Atascosa County, Texas",2685.0,2560.0,125.0,013,90695,48
4808393830,"Talpa CCD, Coleman County, Texas",744.0,721.0,23.0,083,93830,48
4808392865,"Novice CCD, Coleman County, Texas",547.0,547.0,0.0,083,92865,48
4808393450,"Santa Anna CCD, Coleman County, Texas",1894.0,1850.0,44.0,083,93450,48
4808390780,"Coleman CCD, Coleman County, Texas",5237.0,5093.0,144.0,083,90780,48
4835393810,"Sweetwater CCD, Nolan County, Texas",12238.0,11697.0,541.0,353,93810,48
4835390325,"Blackwell-Nolan CCD, Nolan County, Texas",514.0,514.0,0.0,353,90325,48
4835393325,"Roscoe CCD, Nolan County, Texas",2238.0,2097.0,141.0,353,93325,48
4822991360,"Fort Hancock CCD, Hudspeth County, Texas",1805.0,1120.0,685.0,229,91360,48
4822993565,"Sierra Blanca CCD, Hudspeth County, Texas",1224.0,653.0,571.0,229,93565,48
4822990990,"Dell City CCD, Hudspeth County, Texas",673.0,571.0,102.0,229,90990,48
4832591040,"D'Hanis CCD, Medina County, Texas",1658.0,1638.0,20.0,325,91040,48
4832590645,"Castroville-LaCoste CCD, Medina County, Texas",16935.0,16124.0,811.0,325,90645,48
4832591820,"Hondo CCD, Medina County, Texas",13590.0,12901.0,689.0,325,91820,48
4832591030,"Devine-Natalia CCD, Medina County, Texas",16365.0,15310.0,1055.0,325,91030,48
4847591615,"Grandfalls CCD, Ward County, Texas",530.0,463.0,67.0,475,91615,48
4847590205,"Barstow-Pyote CCD, Ward County, Texas",818.0,768.0,50.0,475,90205,48
4847592605,"Monahans CCD, Ward County, Texas",10150.0,9343.0,807.0,475,92605,48
4821390155,"Athens CCD, Henderson County, Texas",24368.0,21749.0,2619.0,213,90155,48
4821390652,"Cedar Creek Lake CCD, Henderson County, Texas",36142.0,34997.0,1145.0,213,90652,48
4835190575,"Call CCD, Newton County, Texas",2572.0,2563.0,9.0,351,90575,48
4835190530,"Burkeville CCD, Newton County, Texas",2078.0,2054.0,24.0,351,90530,48
4835191035,"Deweyville CCD, Newton County, Texas",3556.0,3545.0,11.0,351,91035,48
4835192750,"Newton CCD, Newton County, Texas",5981.0,5877.0,104.0,351,92750,48
4836590640,"Carthage CCD, Panola County, Texas",11209.0,10637.0,572.0,365,90640,48
4836590235,"Beckville CCD, Panola County, Texas",3447.0,3366.0,81.0,365,90235,48
4836591475,"Gary City CCD, Panola County, Texas",2459.0,2261.0,198.0,365,91475,48
4836592265,"Long Branch-Dotson CCD, Panola County, Texas",2460.0,2381.0,79.0,365,92265,48
4836590970,"De Berry-Deadwood CCD, Panola County, Texas",3999.0,3963.0,36.0,365,90970,48
4838992990,"Pecos CCD, Reeves County, Texas",13702.0,10726.0,2976.0,389,92990,48
4838990190,"Balmorhea CCD, Reeves County, Texas",1089.0,970.0,119.0,389,90190,48
4840392580,"Milam CCD, Sabine County, Texas",2586.0,2578.0,8.0,403,92580,48
4840393045,"Pineland CCD, Sabine County, Texas",3483.0,3446.0,37.0,403,93045,48
4840391765,"Hemphill CCD, Sabine County, Texas",4360.0,4301.0,59.0,403,91765,48
4843791700,"Happy CCD, Swisher County, Texas",792.0,763.0,29.0,437,91700,48
4843792060,"Kress CCD, Swisher County, Texas",1248.0,1103.0,145.0,437,92060,48
4843793955,"Tulia CCD, Swisher County, Texas",5501.0,5033.0,468.0,437,93955,48
4823190660,"Celeste CCD, Hunt County, Texas",4020.0,3820.0,200.0,231,90660,48
4823190565,"Caddo Mills CCD, Hunt County, Texas",9350.0,8963.0,387.0,231,90565,48
4823192260,"Lone Oak CCD, Hunt County, Texas",5304.0,5067.0,237.0,231,92260,48
4823194270,"Wolfe City CCD, Hunt County, Texas",2671.0,2628.0,43.0,231,94270,48
4823191640,"Greenville CCD, Hunt County, Texas",36579.0,33630.0,2949.0,231,91640,48
4823190820,"Commerce CCD, Hunt County, Texas",11023.0,9886.0,1137.0,231,90820,48
4823193170,"Quinlan CCD, Hunt County, Texas",21375.0,20773.0,602.0,231,93170,48
4806393050,"Pittsburg CCD, Camp County, Texas",11237.0,9955.0,1282.0,063,93050,48
4806392170,"Leesburg-Newsome CCD, Camp County, Texas",1433.0,1378.0,55.0,063,92170,48
4819593695,"Spearman CCD, Hansford County, Texas",3708.0,2895.0,813.0,195,93695,48
4819591660,"Gruver CCD, Hansford County, Texas",1824.0,1376.0,448.0,195,91660,48
4818793470,"Schertz-Cibolo CCD, Guadalupe County, Texas",83671.0,77279.0,6392.0,187,93470,48
4820392430,"Marshall CCD, Harrison County, Texas",23930.0,21159.0,2771.0,203,92430,48
4820394085,"Waskom CCD, Harrison County, Texas",14316.0,13741.0,575.0,203,94085,48
4820391685,"Hallsville CCD, Harrison County, Texas",21712.0,20950.0,762.0,203,91685,48
4820391715,"Harleton CCD, Harrison County, Texas",6648.0,6593.0,55.0,203,91715,48
4832792520,"Menard West CCD, Menard County, Texas",1904.0,1792.0,112.0,327,92520,48
4832792515,"Menard East CCD, Menard County, Texas",219.0,204.0,15.0,327,92515,48
4827791840,"Howland CCD, Lamar County, Texas",548.0,547.0,1.0,277,91840,48
4827793130,"Powderly CCD, Lamar County, Texas",4465.0,4330.0,135.0,277,93130,48
4827790285,"Biardstown CCD, Lamar County, Texas",1508.0,1452.0,56.0,277,90285,48
4827793795,"Sumner CCD, Lamar County, Texas",5053.0,4571.0,482.0,277,93795,48
4827790345,"Blossom CCD, Lamar County, Texas",3843.0,3830.0,13.0,277,90345,48
4831992445,"Mason East CCD, Mason County, Texas",3053.0,2707.0,346.0,319,92445,48
4812591050,"Dickens CCD, Dickens County, Texas",776.0,749.0,27.0,125,91050,48
4812593705,"Spur CCD, Dickens County, Texas",1448.0,1393.0,55.0,125,93705,48
4828791505,"Giddings CCD, Lee County, Texas",8865.0,7783.0,1082.0,287,91505,48
4828792205,"Lincoln-Dime Box CCD, Lee County, Texas",2995.0,2797.0,198.0,287,92205,48
4828792190,"Lexington CCD, Lee County, Texas",4990.0,4857.0,133.0,287,92190,48
4843990135,"Arlington CCD, Tarrant County, Texas",530292.0,430138.0,100154.0,439,90135,48
4843991380,"Fort Worth CCD, Tarrant County, Texas",869017.0,728260.0,140757.0,439,91380,48
4843992805,"Northeast Tarrant CCD, Tarrant County, Texas",584366.0,507035.0,77331.0,439,92805,48
4800191205,"Elkhart CCD, Anderson County, Texas",6976.0,6893.0,83.0,001,91205,48
4800190650,"Cayuga CCD, Anderson County, Texas",891.0,859.0,32.0,001,90650,48
4827793355,"Roxton CCD, Lamar County, Texas",1429.0,1390.0,39.0,277,93355,48
4827792970,"Paris CCD, Lamar County, Texas",30229.0,29070.0,1159.0,277,92970,48
4827791020,"Deport CCD, Lamar County, Texas",2326.0,2180.0,146.0,277,91020,48
4814993345,"Round Top CCD, Fayette County, Texas",2069.0,2003.0,66.0,149,93345,48
4814992085,"La Grange West CCD, Fayette County, Texas",4382.0,4217.0,165.0,149,92085,48
4814993475,"Schulenburg CCD, Fayette County, Texas",5134.0,4728.0,406.0,149,93475,48
4814991305,"Fayetteville CCD, Fayette County, Texas",2009.0,1955.0,54.0,149,91305,48
4814992080,"La Grange CCD, Fayette County, Texas",7259.0,6691.0,568.0,149,92080,48
4814991320,"Flatonia CCD, Fayette County, Texas",4110.0,3757.0,353.0,149,91320,48
4849193845,"Taylor CCD, Williamson County, Texas",68132.0,61096.0,7036.0,491,93845,48
4849191915,"Jarrell CCD, Williamson County, Texas",8765.0,8049.0,716.0,491,91915,48
4849191630,"Granger CCD, Williamson County, Texas",4027.0,3746.0,281.0,491,91630,48
4849191325,"Florence CCD, Williamson County, Texas",16575.0,15480.0,1095.0,491,91325,48
4826791960,"Junction Northwest CCD, Kimble County, Texas",1106.0,1080.0,26.0,267,91960,48
4826791965,"Junction Southeast CCD, Kimble County, Texas",3326.0,3141.0,185.0,267,91965,48
4837390860,"Corrigan CCD, Polk County, Texas",5747.0,5141.0,606.0,373,90860,48
4839190170,"Austwell-Tivoli CCD, Refugio County, Texas",973.0,938.0,35.0,391,90170,48
4839194275,"Woodsboro CCD, Refugio County, Texas",2591.0,2547.0,44.0,391,94275,48
4839193220,"Refugio CCD, Refugio County, Texas",3729.0,3641.0,88.0,391,93220,48
4818793500,"Seguin CCD, Guadalupe County, Texas",44382.0,41347.0,3035.0,187,93500,48
4807790245,"Bellevue-Joy CCD, Clay County, Texas",1771.0,1679.0,92.0,077,90245,48
4807791780,"Henrietta CCD, Clay County, Texas",6380.0,6284.0,96.0,077,91780,48
4807790560,"Byers-Petrolia CCD, Clay County, Texas",2218.0,2187.0,31.0,077,90560,48
4820590690,"Channing CCD, Hartley County, Texas",625.0,533.0,92.0,205,90690,48
4821791845,"Hubbard-Mount Calm CCD, Hill County, Texas",3332.0,3261.0,71.0,217,91845,48
4821791900,"Itasca CCD, Hill County, Texas",3553.0,3302.0,251.0,217,91900,48
4821790355,"Blum CCD, Hill County, Texas",4646.0,4564.0,82.0,217,90355,48
4821794210,"Whitney CCD, Hill County, Texas",9408.0,8883.0,525.0,217,94210,48
4821791810,"Hillsboro CCD, Hill County, Texas",13042.0,11345.0,1697.0,217,91810,48
4821792380,"Malone-Penelope CCD, Hill County, Texas",1117.0,1067.0,50.0,217,92380,48
4829391650,"Groesbeck CCD, Limestone County, Texas",5742.0,5270.0,472.0,293,91650,48
4829392050,"Kosse CCD, Limestone County, Texas",1003.0,982.0,21.0,293,92050,48
4829393900,"Thornton CCD, Limestone County, Texas",2419.0,2323.0,96.0,293,93900,48
4829393135,"Prairie Hill CCD, Limestone County, Texas",995.0,894.0,101.0,293,93135,48
4829390835,"Coolidge CCD, Limestone County, Texas",1191.0,907.0,284.0,293,90835,48
4829393015,"Personville CCD, Limestone County, Texas",1809.0,1744.0,65.0,293,93015,48
4829392550,"Mexia CCD, Limestone County, Texas",10321.0,9141.0,1180.0,293,92550,48
4834791465,"Garrison CCD, Nacogdoches County, Texas",2822.0,2495.0,327.0,347,91465,48
4834792700,"Nacogdoches CCD, Nacogdoches County, Texas",52446.0,47310.0,5136.0,347,92700,48
4834790935,"Cushing-Douglass CCD, Nacogdoches County, Texas",4860.0,4619.0,241.0,347,90935,48
4834790720,"Chireno-Martinsville CCD, Nacogdoches County, Texas",5283.0,5151.0,132.0,347,90720,48
4836991300,"Farwell-Bovina CCD, Parmer County, Texas",5228.0,4245.0,983.0,369,91300,48
4836991410,"Friona CCD, Parmer County, Texas",4643.0,3592.0,1051.0,369,91410,48
4836794100,"Weatherford Northwest CCD, Parker County, Texas",12552.0,12120.0,432.0,367,94100,48
4836794095,"Weatherford CCD, Parker County, Texas",40853.0,38048.0,2805.0,367,94095,48
4836794105,"Weatherford Southeast CCD, Parker County, Texas",32071.0,31141.0,930.0,367,94105,48
4846790270,"Ben Wheeler-Edom CCD, Van Zandt County, Texas",7523.0,7082.0,441.0,467,90270,48
4846790620,"Canton CCD, Van Zandt County, Texas",11054.0,10456.0,598.0,467,90620,48
4846794225,"Wills Point CCD, Van Zandt County, Texas",8711.0,8365.0,346.0,467,94225,48
4846794000,"Van CCD, Van Zandt County, Texas",6410.0,6014.0,396.0,467,94000,48
4846791165,"Edgewood CCD, Van Zandt County, Texas",4998.0,4771.0,227.0,467,91165,48
4846790654,"Cedar Creek Lake CCD, Van Zandt County, Texas",6526.0,6471.0,55.0,467,90654,48
4846791620,"Grand Saline CCD, Van Zandt County, Texas",8385.0,7753.0,632.0,467,91620,48
4805592440,"Martindale CCD, Caldwell County, Texas",8037.0,7421.0,616.0,055,92440,48
4805592330,"Luling CCD, Caldwell County, Texas",8156.0,7465.0,691.0,055,92330,48
4805592245,"Lockhart CCD, Caldwell County, Texas",24351.0,22004.0,2347.0,055,92245,48
4848792240,"Lockett CCD, Wilbarger County, Texas",649.0,642.0,7.0,487,92240,48
4848794030,"Vernon CCD, Wilbarger County, Texas",11189.0,10713.0,476.0,487,94030,48
4848791290,"Fargo-Odell CCD, Wilbarger County, Texas",659.0,609.0,50.0,487,91290,48
4848791730,"Harrold-Oklaunion CCD, Wilbarger County, Texas",475.0,458.0,17.0,487,91730,48
4831793725,"Stanton CCD, Martin County, Texas",3806.0,3668.0,138.0,317,93725,48
4831793835,"Tarzan-Lenorah CCD, Martin County, Texas",1741.0,1468.0,273.0,317,93835,48
4841990020,"Aiken-Neuville CCD, Shelby County, Texas",3400.0,3354.0,46.0,419,90020,48
4838792385,"Manchester CCD, Red River County, Texas",548.0,543.0,5.0,387,92385,48
4838790105,"Annona-Avery CCD, Red River County, Texas",2378.0,2312.0,66.0,387,90105,48
4838790735,"Clarksville CCD, Red River County, Texas",4751.0,4615.0,136.0,387,90735,48
4837792400,"Marfa CCD, Presidio County, Texas",2350.0,1740.0,610.0,377,92400,48
4837793145,"Presidio CCD, Presidio County, Texas",4841.0,2672.0,2169.0,377,93145,48
4846590995,"Del Rio CCD, Val Verde County, Texas",48390.0,37567.0,10823.0,465,90995,48
4846591000,"Del Rio Northeast CCD, Val Verde County, Texas",112.0,93.0,19.0,465,91000,48
4846591005,"Del Rio Northwest CCD, Val Verde County, Texas",474.0,432.0,42.0,465,91005,48
4810994015,"Van Horn Rural CCD, Culberson County, Texas",114.0,114.0,0.0,109,94015,48
4810994010,"Van Horn CCD, Culberson County, Texas",2143.0,1811.0,332.0,109,94010,48
4813592875,"Odessa CCD, Ector County, Texas",126625.0,110223.0,16402.0,135,92875,48
4817391455,"Garden City North CCD, Glasscock County, Texas",615.0,473.0,142.0,173,91455,48
4817391460,"Garden City South CCD, Glasscock County, Texas",805.0,657.0,148.0,173,91460,48
4818590080,"Anderson-Bedias CCD, Grimes County, Texas",8385.0,8021.0,364.0,185,90080,48
4818592710,"Navasota CCD, Grimes County, Texas",18973.0,17152.0,1821.0,185,92710,48
4845390165,"Austin CCD, Travis County, Texas",874021.0,714195.0,159826.0,453,90165,48
4808592720,"Nevada CCD, Collin County, Texas",10034.0,9297.0,737.0,085,92720,48
4808590100,"Anna CCD, Collin County, Texas",24497.0,22577.0,1920.0,085,90100,48
4808593065,"Plano CCD, Collin County, Texas",555502.0,428442.0,127060.0,085,93065,48
4808591295,"Farmersville CCD, Collin County, Texas",9131.0,8430.0,701.0,085,91295,48
4808592360,"McKinney CCD, Collin County, Texas",255203.0,210290.0,44913.0,085,92360,48
4808590665,"Celina CCD, Collin County, Texas",34332.0,31968.0,2364.0,085,90665,48
4808590350,"Blue Ridge CCD, Collin County, Texas",6630.0,6429.0,201.0,085,90350,48
4808593150,"Princeton CCD, Collin County, Texas",18746.0,16247.0,2499.0,085,93150,48
4800591045,"Diboll CCD, Angelina County, Texas",9316.0,8093.0,1223.0,005,91045,48
4800591855,"Huntington CCD, Angelina County, Texas",11456.0,11244.0,212.0,005,91855,48
4800592325,"Lufkin CCD, Angelina County, Texas",53159.0,48176.0,4983.0,005,92325,48
4800593090,"Pollok CCD, Angelina County, Texas",11194.0,10563.0,631.0,005,93090,48
4838791025,"Detroit CCD, Red River County, Texas",1752.0,1748.0,4.0,387,91025,48
4838790365,"Bogata CCD, Red River County, Texas",2924.0,2865.0,59.0,387,90365,48
4839993350,"Rowena CCD, Runnels County, Texas",603.0,603.0,0.0,399,93350,48
4839992585,"Miles CCD, Runnels County, Texas",1281.0,1136.0,145.0,399,92585,48
4839994265,"Winters CCD, Runnels County, Texas",3812.0,3664.0,148.0,399,94265,48
4839990185,"Ballinger CCD, Runnels County, Texas",4570.0,4472.0,98.0,399,90185,48
4840793555,"Shepherd-Evergreen CCD, San Jacinto County, Texas",17392.0,16588.0,804.0,407,93555,48
4840790775,"Coldspring CCD, San Jacinto County, Texas",5500.0,5278.0,222.0,407,90775,48
4840793080,"Point Blank CCD, San Jacinto County, Texas",4544.0,4464.0,80.0,407,93080,48
4843593620,"Sonora Rural CCD, Sutton County, Texas",54.0,35.0,19.0,435,93620,48
4843593615,"Sonora CCD, Sutton County, Texas",3840.0,3450.0,390.0,435,93615,48
4845191145,"East Tom Green CCD, Tom Green County, Texas",4971.0,4683.0,288.0,451,91145,48
4845194180,"West Tom Green CCD, Tom Green County, Texas",27208.0,25962.0,1246.0,451,94180,48
4838390290,"Big Lake CCD, Reagan County, Texas",3735.0,2824.0,911.0,383,90290,48
4850193055,"Plains CCD, Yoakum County, Texas",1968.0,1611.0,357.0,501,93055,48
4850191015,"Denver City CCD, Yoakum County, Texas",6513.0,5001.0,1512.0,501,91015,48
4818991675,"Hale Center CCD, Hale County, Texas",3029.0,2829.0,200.0,189,91675,48
4818993060,"Plainview CCD, Hale County, Texas",27150.0,24197.0,2953.0,189,93060,48
4818993020,"Petersburg CCD, Hale County, Texas",1441.0,1358.0,83.0,189,93020,48
4818990005,"Abernathy CCD, Hale County, Texas",2907.0,2797.0,110.0,189,90005,48
4841993925,"Timpson CCD, Shelby County, Texas",3768.0,3628.0,140.0,419,93925,48
4841993550,"Shelbyville CCD, Shelby County, Texas",3079.0,3008.0,71.0,419,93550,48
4841993860,"Tenaha-Joaquin CCD, Shelby County, Texas",5106.0,4750.0,356.0,419,93860,48
4841990670,"Center CCD, Shelby County, Texas",10336.0,8727.0,1609.0,419,90670,48
4845991515,"Gilmer CCD, Upshur County, Texas",12221.0,11619.0,602.0,459,91515,48
4845193405,"San Angelo CCD, Tom Green County, Texas",84727.0,78635.0,6092.0,451,93405,48
4845991525,"Gladewater CCD, Upshur County, Texas",9949.0,9758.0,191.0,459,91525,48
4845990280,"Bettie CCD, Upshur County, Texas",4237.0,4024.0,213.0,459,90280,48
4845992920,"Ore City CCD, Upshur County, Texas",8386.0,8249.0,137.0,459,92920,48
4845990295,"Big Sandy CCD, Upshur County, Texas",5713.0,5593.0,120.0,459,90295,48
4846994040,"Victoria South CCD, Victoria County, Texas",5778.0,5213.0,565.0,469,94040,48
4846994045,"Victoria West CCD, Victoria County, Texas",10515.0,10217.0,298.0,469,94045,48
4846994035,"Victoria CCD, Victoria County, Texas",75225.0,70021.0,5204.0,469,94035,48
4847390465,"Brookshire CCD, Waller County, Texas",14900.0,11984.0,2916.0,473,90465,48
4847391770,"Hempstead CCD, Waller County, Texas",9826.0,8487.0,1339.0,473,91770,48
4848191180,"El Campo CCD, Wharton County, Texas",16815.0,15283.0,1532.0,481,91180,48
4848192305,"Louise CCD, Wharton County, Texas",2430.0,2184.0,246.0,481,92305,48
4848194185,"Wharton CCD, Wharton County, Texas",11847.0,10794.0,1053.0,481,94185,48
4848591880,"Iowa Park CCD, Wichita County, Texas",7023.0,6922.0,101.0,485,91880,48
4800594315,"Zavalla CCD, Angelina County, Texas",2575.0,2570.0,5.0,005,94315,48
4808793400,"Samnorwood CCD, Collingsworth County, Texas",156.0,156.0,0.0,087,93400,48
4808794130,"Wellington CCD, Collingsworth County, Texas",2870.0,2552.0,318.0,087,94130,48
4810192935,"Paducah South CCD, Cottle County, Texas",75.0,75.0,0.0,101,92935,48
4810192930,"Paducah North CCD, Cottle County, Texas",1423.0,1365.0,58.0,101,92930,48
4820992065,"Kyle-Buda CCD, Hays County, Texas",87020.0,77606.0,9414.0,209,92065,48
4820993430,"San Marcos CCD, Hays County, Texas",67619.0,63035.0,4584.0,209,93430,48
4820991075,"Dripping Springs-Wimberley CCD, Hays County, Texas",40204.0,37421.0,2783.0,209,91075,48
4827993775,"Sudan-Amherst CCD, Lamb County, Texas",2343.0,1945.0,398.0,279,93775,48
4827992900,"Olton CCD, Lamb County, Texas",2548.0,2173.0,375.0,279,92900,48
4827992220,"Littlefield CCD, Lamb County, Texas",6989.0,6507.0,482.0,279,92220,48
4827991105,"Earth CCD, Lamb County, Texas",1488.0,1360.0,128.0,279,91105,48
4829591345,"Follett CCD, Lipscomb County, Texas",619.0,542.0,77.0,295,91345,48
4829591805,"Higgins CCD, Lipscomb County, Texas",772.0,737.0,35.0,295,91805,48
4829590380,"Booker CCD, Lipscomb County, Texas",2104.0,1812.0,292.0,295,90380,48
4830192525,"Mentone CCD, Loving County, Texas",74.0,66.0,8.0,301,92525,48
4832190220,"Bay City CCD, Matagorda County, Texas",23487.0,21385.0,2102.0,321,90220,48
4832192940,"Palacios CCD, Matagorda County, Texas",5833.0,4848.0,985.0,321,92940,48
4832193915,"Tidehaven CCD, Matagorda County, Texas",4230.0,3847.0,383.0,321,93915,48
4832192465,"Matagorda-Sargent CCD, Matagorda County, Texas",3194.0,3086.0,108.0,321,92465,48
4837191375,"Fort Stockton CCD, Pecos County, Texas",13195.0,11146.0,2049.0,371,91375,48
4837191870,"Imperial CCD, Pecos County, Texas",914.0,678.0,236.0,371,91870,48
4837191885,"Iraan CCD, Pecos County, Texas",1695.0,1526.0,169.0,371,91885,48
4839591385,"Franklin CCD, Robertson County, Texas",5859.0,5784.0,75.0,395,91385,48
4839590430,"Bremond CCD, Robertson County, Texas",1772.0,1740.0,32.0,395,90430,48
4839591750,"Hearne CCD, Robertson County, Texas",7412.0,6512.0,900.0,395,91750,48
4839590585,"Calvert CCD, Robertson County, Texas",1684.0,1551.0,133.0,395,90585,48
4839793665,"South Rockwall CCD, Rockwall County, Texas",32076.0,28567.0,3509.0,397,93665,48
4839792855,"Northwest Rockwall CCD, Rockwall County, Texas",35169.0,32853.0,2316.0,397,92855,48
4839792800,"Northeast Rockwall CCD, Rockwall County, Texas",23169.0,20891.0,2278.0,397,92800,48
4848594215,"Wichita Falls CCD, Wichita County, Texas",108611.0,99743.0,8868.0,485,94215,48
4848590525,"Burkburnett CCD, Wichita County, Texas",12172.0,11956.0,216.0,485,90525,48
4848591195,"Electra CCD, Wichita County, Texas",3972.0,3926.0,46.0,485,91195,48
4849393125,"Poth CCD, Wilson County, Texas",3924.0,3655.0,269.0,493,93125,48
4849392160,"La Vernia CCD, Wilson County, Texas",11395.0,10915.0,480.0,493,92160,48
4849391330,"Floresville CCD, Wilson County, Texas",27403.0,26195.0,1208.0,493,91330,48
4849393755,"Stockdale CCD, Wilson County, Texas",4483.0,4242.0,241.0,493,93755,48
4803391425,"Gail North CCD, Borden County, Texas",312.0,298.0,14.0,033,91425,48
4803391430,"Gail South CCD, Borden County, Texas",290.0,290.0,0.0,033,91430,48
4821993320,"Ropesville CCD, Hockley County, Texas",1469.0,1414.0,55.0,219,93320,48
4821993800,"Sundown CCD, Hockley County, Texas",1362.0,1289.0,73.0,219,93800,48
4821990115,"Anton CCD, Hockley County, Texas",1556.0,1496.0,60.0,219,90115,48
4821992180,"Levelland CCD, Hockley County, Texas",18886.0,17300.0,1586.0,219,92180,48
4832391100,"Eagle Pass CCD, Maverick County, Texas",55473.0,37659.0,17814.0,323,91100,48
4832393165,"Quemado CCD, Maverick County, Texas",1998.0,1385.0,613.0,323,93165,48
4832992560,"Midland CCD, Midland County, Texas",139761.0,122314.0,17447.0,329,92560,48
4818191125,"East Grayson CCD, Grayson County, Texas",90702.0,84305.0,6397.0,181,91125,48
4818193685,"Southwest Grayson CCD, Grayson County, Texas",11086.0,10511.0,575.0,181,93685,48
4818192840,"Northwest Grayson CCD, Grayson County, Texas",24358.0,23132.0,1226.0,181,92840,48
4829791500,"George West CCD, Live Oak County, Texas",7332.0,7143.0,189.0,297,91500,48
4829793905,"Three Rivers CCD, Live Oak County, Texas",4711.0,4034.0,677.0,297,93905,48
4829992235,"Llano South CCD, Llano County, Texas",9019.0,8662.0,357.0,299,92235,48
4829992230,"Llano North CCD, Llano County, Texas",11176.0,10781.0,395.0,299,92230,48
4836393770,"Strawn-Gordon CCD, Palo Pinto County, Texas",1964.0,1879.0,85.0,363,93770,48
4836391595,"Graford CCD, Palo Pinto County, Texas",2807.0,2679.0,128.0,363,91595,48
4836392950,"Palo Pinto-Santo CCD, Palo Pinto County, Texas",3855.0,3677.0,178.0,363,92950,48
4836392595,"Mineral Wells CCD, Palo Pinto County, Texas",19483.0,17897.0,1586.0,363,92595,48
4840191775,"Henderson CCD, Rusk County, Texas",23087.0,21208.0,1879.0,401,91775,48
4840193040,"Pinehill CCD, Rusk County, Texas",2087.0,2065.0,22.0,401,93040,48
4840193840,"Tatum CCD, Rusk County, Texas",4911.0,4640.0,271.0,401,93840,48
4840192925,"Overton CCD, Rusk County, Texas",5729.0,5503.0,226.0,401,92925,48
4840192660,"Mount Enterprise CCD, Rusk County, Texas",2226.0,2206.0,20.0,401,92660,48
4840192025,"Kilgore CCD, Rusk County, Texas",9987.0,9365.0,622.0,401,92025,48
4840192135,"Laneville CCD, Rusk County, Texas",2625.0,2392.0,233.0,401,92135,48
4844190010,"Abilene CCD, Taylor County, Texas",122538.0,115192.0,7346.0,441,90010,48
4844192535,"Merkel CCD, Taylor County, Texas",4853.0,4748.0,105.0,441,92535,48
4844191945,"Jim Ned CCD, Taylor County, Texas",7980.0,7800.0,180.0,441,91945,48
4844794280,"Woodson CCD, Throckmorton County, Texas",352.0,340.0,12.0,447,94280,48
4844793910,"Throckmorton CCD, Throckmorton County, Texas",1189.0,1178.0,11.0,447,93910,48
4845590120,"Apple Springs CCD, Trinity County, Texas",2689.0,2672.0,17.0,455,90120,48
4845593945,"Trinity CCD, Trinity County, Texas",6421.0,6063.0,358.0,455,93945,48
4845591530,"Glendale CCD, Trinity County, Texas",2213.0,2135.0,78.0,455,91530,48
4845591655,"Groveton CCD, Trinity County, Texas",3158.0,3002.0,156.0,455,91655,48
4847192755,"New Waverly CCD, Walker County, Texas",7075.0,6659.0,416.0,471,92755,48
4847191860,"Huntsville CCD, Walker County, Texas",47118.0,43182.0,3936.0,471,91860,48
4847193255,"Riverside CCD, Walker County, Texas",16625.0,15298.0,1327.0,471,93255,48
4849991740,"Hawkins CCD, Wood County, Texas",8364.0,8171.0,193.0,499,91740,48
4849992590,"Mineola CCD, Wood County, Texas",10428.0,10026.0,402.0,499,92590,48
4849990025,"Alba CCD, Wood County, Texas",5261.0,5120.0,141.0,499,90025,48
4849994255,"Winnsboro CCD, Wood County, Texas",7206.0,7034.0,172.0,499,94255,48
4849993180,"Quitman CCD, Wood County, Texas",12056.0,11616.0,440.0,499,93180,48
4801992500,"Medina CCD, Bandera County, Texas",2660.0,2524.0,136.0,019,92500,48
4801990195,"Bandera CCD, Bandera County, Texas",18656.0,17862.0,794.0,019,90195,48
4800793295,"Rockport CCD, Aransas County, Texas",19663.0,18409.0,1254.0,007,93295,48
4800791420,"Fulton CCD, Aransas County, Texas",5169.0,4992.0,177.0,007,91420,48
4807590700,"Childress CCD, Childress County, Texas",7016.0,6627.0,389.0,075,90700,48
4807992650,"Morton CCD, Cochran County, Texas",2298.0,1886.0,412.0,079,92650,48
4814791825,"Honey Grove CCD, Fannin County, Texas",3096.0,2876.0,220.0,147,91825,48
4814790375,"Bonham CCD, Fannin County, Texas",13118.0,12258.0,860.0,147,90375,48
4814792075,"Ladonia CCD, Fannin County, Texas",891.0,870.0,21.0,147,92075,48
4814791150,"Ector CCD, Fannin County, Texas",3040.0,2982.0,58.0,147,91150,48
4814791070,"Dodd City CCD, Fannin County, Texas",1770.0,1734.0,36.0,147,91070,48
4814793200,"Ravenna-Telephone CCD, Fannin County, Texas",3800.0,3543.0,257.0,147,93200,48
4814792175,"Leonard CCD, Fannin County, Texas",8072.0,7753.0,319.0,147,92175,48
4825591995,"Kenedy CCD, Karnes County, Texas",7089.0,6651.0,438.0,255,91995,48
4825591285,"Falls City CCD, Karnes County, Texas",1848.0,1830.0,18.0,255,91285,48
4825593365,"Runge CCD, Karnes County, Texas",1494.0,1478.0,16.0,255,93365,48
4825591510,"Gillett CCD, Karnes County, Texas",596.0,583.0,13.0,255,91510,48
4825591980,"Karnes City CCD, Karnes County, Texas",4024.0,3360.0,664.0,255,91980,48
4812394295,"Yoakum CCD, DeWitt County, Texas",4438.0,4072.0,366.0,123,94295,48
4812394305,"Yorktown CCD, DeWitt County, Texas",3366.0,3237.0,129.0,123,94305,48
4812394170,"Westhoff-Arneckville CCD, DeWitt County, Texas",2920.0,2890.0,30.0,123,94170,48
4812390925,"Cuero CCD, DeWitt County, Texas",9750.0,9470.0,280.0,123,90925,48
4804192790,"Northeast Brazos CCD, Brazos County, Texas",15652.0,14500.0,1152.0,041,92790,48
4804193635,"South Brazos CCD, Brazos County, Texas",59957.0,55148.0,4809.0,041,93635,48
4804194150,"West Brazos CCD, Brazos County, Texas",14604.0,12683.0,1921.0,041,94150,48
4804190495,"Bryan-College Station CCD, Brazos County, Texas",124018.0,103497.0,20521.0,041,90495,48
4805990180,"Baird CCD, Callahan County, Texas",2562.0,2485.0,77.0,059,90180,48
4805990910,"Cross Plains CCD, Callahan County, Texas",2401.0,2340.0,61.0,059,90910,48
4805990765,"Clyde CCD, Callahan County, Texas",8697.0,8550.0,147.0,059,90765,48
4806790160,"Atlanta CCD, Cass County, Texas",14466.0,14275.0,191.0,067,90160,48
4806792215,"Linden CCD, Cass County, Texas",5834.0,5583.0,251.0,067,92215,48
4806792405,"Marietta-Douglassville CCD, Cass County, Texas",1938.0,1937.0,1.0,067,92405,48
4806790320,"Bivins-McLeod CCD, Cass County, Texas",2539.0,2503.0,36.0,067,90320,48
4806791850,"Hughes Springs-Avinger CCD, Cass County, Texas",5341.0,5200.0,141.0,067,91850,48
4816593485,"Seagraves CCD, Gaines County, Texas",4088.0,3179.0,909.0,165,93485,48
4816593520,"Seminole CCD, Gaines County, Texas",15801.0,11521.0,4280.0,165,93520,48
4818391520,"Gladewater CCD, Gregg County, Texas",7463.0,7214.0,249.0,183,91520,48
4818392275,"Longview Northwest CCD, Gregg County, Texas",6602.0,6282.0,320.0,183,92275,48
4807994200,"Whiteface CCD, Cochran County, Texas",634.0,589.0,45.0,079,94200,48
4808193265,"Robert Lee CCD, Coke County, Texas",1610.0,1559.0,51.0,081,93265,48
4808190460,"Bronte CCD, Coke County, Texas",1628.0,1574.0,54.0,081,90460,48
4809192730,"New Braunfels CCD, Comal County, Texas",78812.0,72739.0,6073.0,091,92730,48
4809991480,"Gatesville CCD, Coryell County, Texas",19801.0,18651.0,1150.0,099,91480,48
4809993965,"Turnersville CCD, Coryell County, Texas",1073.0,1053.0,20.0,099,93965,48
4809991270,"Evant CCD, Coryell County, Texas",1118.0,1026.0,92.0,099,91270,48
4809991370,"Fort Hood CCD, Coryell County, Texas",13687.0,12854.0,833.0,099,91370,48
4809990845,"Copperas Cove CCD, Coryell County, Texas",35756.0,33169.0,2587.0,099,90845,48
4809991315,"Flat CCD, Coryell County, Texas",829.0,773.0,56.0,099,91315,48
4809992885,"Oglesby CCD, Coryell County, Texas",2004.0,1945.0,59.0,099,92885,48
4821190615,"Canadian South CCD, Hemphill County, Texas",627.0,610.0,17.0,211,90615,48
4821190605,"Canadian North CCD, Hemphill County, Texas",3525.0,2866.0,659.0,211,90605,48
4822590900,"Crockett CCD, Houston County, Texas",9926.0,9343.0,583.0,225,90900,48
4822592000,"Kennard-Ratcliff CCD, Houston County, Texas",1190.0,1190.0,0.0,225,92000,48
4822593100,"Porter Springs CCD, Houston County, Texas",1275.0,1247.0,28.0,225,93100,48
4822591635,"Grapeland CCD, Houston County, Texas",5497.0,5359.0,138.0,225,91635,48
4822592310,"Lovelady CCD, Houston County, Texas",4961.0,4873.0,88.0,225,92310,48
4834191090,"Dumas CCD, Moore County, Texas",19717.0,14442.0,5275.0,341,91090,48
4834193805,"Sunray CCD, Moore County, Texas",2299.0,1878.0,421.0,341,93805,48
4834990340,"Blooming Grove CCD, Navarro County, Texas",4089.0,3864.0,225.0,349,90340,48
4834990865,"Corsicana CCD, Navarro County, Texas",33478.0,28659.0,4819.0,349,90865,48
4834992005,"Kerens CCD, Navarro County, Texas",3384.0,3298.0,86.0,349,92005,48
4834993225,"Rice CCD, Navarro County, Texas",4069.0,3534.0,535.0,349,93225,48
4834990965,"Dawson CCD, Navarro County, Texas",3219.0,3047.0,172.0,349,90965,48
4837590065,"Amarillo CCD, Potter County, Texas",115495.0,96669.0,18826.0,375,90065,48
4837590610,"Canadian River Breaks CCD, Potter County, Texas",5735.0,5521.0,214.0,375,90610,48
4840590455,"Broaddus CCD, San Augustine County, Texas",2804.0,2787.0,17.0,405,90455,48
4840593415,"San Augustine CCD, San Augustine County, Texas",5599.0,5373.0,226.0,405,93415,48
4818392020,"Kilgore CCD, Gregg County, Texas",10999.0,9894.0,1105.0,183,92020,48
4818392270,"Longview CCD, Gregg County, Texas",85038.0,76955.0,8083.0,183,92270,48
4817992365,"McLean CCD, Gray County, Texas",1392.0,1317.0,75.0,179,92365,48
4817992955,"Pampa CCD, Gray County, Texas",19148.0,17064.0,2084.0,179,92955,48
4831392575,"Midway CCD, Madison County, Texas",4882.0,4637.0,245.0,313,92575,48
4831392370,"Madisonville CCD, Madison County, Texas",6757.0,5970.0,787.0,313,92370,48
4831392860,"North Zulch CCD, Madison County, Texas",2340.0,2270.0,70.0,313,92860,48
4830391865,"Idalou CCD, Lubbock County, Texas",3674.0,3543.0,131.0,303,91865,48
4830392315,"Lubbock CCD, Lubbock County, Texas",277908.0,260988.0,16920.0,303,92315,48
4830393590,"Slaton CCD, Lubbock County, Texas",9746.0,9490.0,256.0,303,93590,48
4830393540,"Shallowater CCD, Lubbock County, Texas",6714.0,6586.0,128.0,303,93540,48
4823790500,"Bryson CCD, Jack County, Texas",1373.0,1330.0,43.0,237,90500,48
4823792995,"Perrin CCD, Jack County, Texas",1429.0,1418.0,11.0,237,92995,48
4823791905,"Jacksboro CCD, Jack County, Texas",6037.0,5547.0,490.0,237,91905,48
4825793865,"Terrell CCD, Kaufman County, Texas",24410.0,21968.0,2442.0,257,93865,48
4825790875,"Crandall CCD, Kaufman County, Texas",9678.0,9272.0,406.0,257,90875,48
4825793870,"Terrell South CCD, Kaufman County, Texas",12941.0,11696.0,1245.0,257,93870,48
4825790653,"Cedar Creek Lake CCD, Kaufman County, Texas",8596.0,8446.0,150.0,257,90653,48
4825791350,"Forney CCD, Kaufman County, Texas",44661.0,41485.0,3176.0,257,91350,48
4825791985,"Kaufman CCD, Kaufman County, Texas",14566.0,13099.0,1467.0,257,91985,48
4825990815,"Comfort CCD, Kendall County, Texas",6596.0,5911.0,685.0,259,90815,48
4825990360,"Boerne CCD, Kendall County, Texas",33710.0,32185.0,1525.0,259,90360,48
4803591890,"Iredell CCD, Bosque County, Texas",938.0,907.0,31.0,035,91890,48
4803593990,"Valley Mills CCD, Bosque County, Texas",2510.0,2333.0,177.0,035,93990,48
4803590760,"Clifton CCD, Bosque County, Texas",7195.0,6784.0,411.0,035,90760,48
4803592530,"Meridian CCD, Bosque County, Texas",6307.0,5840.0,467.0,035,92530,48
4803590890,"Cranfills Gap CCD, Bosque County, Texas",1005.0,939.0,66.0,035,90890,48
4815391335,"Floydada CCD, Floyd County, Texas",3634.0,3436.0,198.0,153,91335,48
4815392250,"Lockney CCD, Floyd County, Texas",2319.0,2053.0,266.0,153,92250,48
4841591795,"Hermleigh CCD, Scurry County, Texas",834.0,829.0,5.0,415,91795,48
4841593605,"Snyder CCD, Scurry County, Texas",15110.0,14152.0,958.0,415,93605,48
4841790030,"Albany CCD, Shackelford County, Texas",2805.0,2723.0,82.0,417,90030,48
4841792640,"Moran CCD, Shackelford County, Texas",543.0,543.0,0.0,417,92640,48
4842793315,"Roma-Los Saenz CCD, Starr County, Texas",19391.0,12032.0,7359.0,427,93315,48
4842792090,"La Grulla CCD, Starr County, Texas",10436.0,7186.0,3250.0,427,92090,48
4843390145,"Aspermont North CCD, Stonewall County, Texas",198.0,198.0,0.0,433,90145,48
4843390150,"Aspermont South CCD, Stonewall County, Texas",886.0,866.0,20.0,433,90150,48
4846193195,"Rankin CCD, Upton County, Texas",1091.0,1006.0,85.0,461,93195,48
4846192345,"McCamey CCD, Upton County, Texas",2484.0,2221.0,263.0,461,92345,48
4802190210,"Bastrop CCD, Bastrop County, Texas",23558.0,21841.0,1717.0,021,90210,48
4802193600,"Smithville CCD, Bastrop County, Texas",9709.0,9474.0,235.0,021,93600,48
4802190655,"Cedar Creek-Red Rock CCD, Bastrop County, Texas",30093.0,25586.0,4507.0,021,90655,48
4802191200,"Elgin CCD, Bastrop County, Texas",16946.0,14709.0,2237.0,021,91200,48
4804990335,"Blanket CCD, Brown County, Texas",2920.0,2772.0,148.0,049,90335,48
4804992485,"May CCD, Brown County, Texas",2060.0,1958.0,102.0,049,92485,48
4804990485,"Brownwood CCD, Brown County, Texas",25514.0,24133.0,1381.0,049,90485,48
4804990200,"Bangs CCD, Brown County, Texas",7293.0,7051.0,242.0,049,90200,48
4819192510,"Memphis CCD, Hall County, Texas",2426.0,2161.0,265.0,191,92510,48
4819191260,"Estelline CCD, Hall County, Texas",94.0,88.0,6.0,191,91260,48
4819192095,"Lakeview CCD, Hall County, Texas",193.0,171.0,22.0,191,92095,48
4819193960,"Turkey CCD, Hall County, Texas",389.0,348.0,41.0,191,93960,48
4802593025,"Pettus-Pawnee CCD, Bee County, Texas",1701.0,1692.0,9.0,025,93025,48
4802590240,"Beeville CCD, Bee County, Texas",28506.0,27379.0,1127.0,025,90240,48
4802593585,"Skidmore CCD, Bee County, Texas",2522.0,2410.0,112.0,025,93585,48
4815994250,"Winnsboro CCD, Franklin County, Texas",3029.0,2652.0,377.0,159,94250,48
4815992675,"Mount Vernon CCD, Franklin County, Texas",7610.0,7239.0,371.0,159,92675,48
4816392980,"Pearsall CCD, Frio County, Texas",12655.0,10347.0,2308.0,163,92980,48
4816392635,"Moore CCD, Frio County, Texas",1084.0,1035.0,49.0,163,92635,48
4801792685,"Muleshoe CCD, Bailey County, Texas",6650.0,5300.0,1350.0,017,92685,48
4801793670,"South Sand Hills CCD, Bailey County, Texas",448.0,322.0,126.0,017,93670,48
4807194245,"Winnie-Stowell CCD, Chambers County, Texas",5951.0,5555.0,396.0,071,94245,48
4807190075,"Anahuac CCD, Chambers County, Texas",6285.0,5465.0,820.0,071,90075,48
4807192620,"Mont Belvieu CCD, Chambers County, Texas",27047.0,24572.0,2475.0,071,92620,48
4802393525,"Seymour CCD, Baylor County, Texas",2961.0,2945.0,16.0,023,93525,48
4802393535,"Seymour Rural CCD, Baylor County, Texas",641.0,610.0,31.0,023,93535,48
4802793680,"Southwest Bell CCD, Bell County, Texas",9074.0,8321.0,753.0,027,93680,48
4802791365,"Fort Hood CCD, Bell County, Texas",13176.0,12384.0,792.0,027,91365,48
4802793630,"South Bell CCD, Bell County, Texas",9823.0,9494.0,329.0,027,93630,48
4802790255,"Belton CCD, Bell County, Texas",24684.0,22545.0,2139.0,027,90255,48
4802791110,"East Bell CCD, Bell County, Texas",6814.0,6484.0,330.0,027,91110,48
4802792030,"Killeen CCD, Bell County, Texas",179417.0,162370.0,17047.0,027,92030,48
4802792835,"Northwest Bell CCD, Bell County, Texas",13783.0,13130.0,653.0,027,92835,48
4802793855,"Temple CCD, Bell County, Texas",74791.0,69609.0,5182.0,027,93855,48
4802793310,"Rogers CCD, Bell County, Texas",4944.0,4746.0,198.0,027,93310,48
4806192295,"Los Fresnos-Laureles CCD, Cameron County, Texas",25333.0,19365.0,5968.0,061,92295,48
4806191720,"Harlingen-San Benito CCD, Cameron County, Texas",147738.0,124746.0,22992.0,061,91720,48
4806190480,"Brownsville CCD, Cameron County, Texas",217050.0,153636.0,63414.0,061,90480,48
4806191115,"East Cameron CCD, Cameron County, Texas",21028.0,14634.0,6394.0,061,91115,48
4806193245,"Rio Hondo CCD, Cameron County, Texas",9052.0,7304.0,1748.0,061,93245,48
4812191010,"Denton CCD, Denton County, Texas",107120.0,93130.0,13990.0,121,91010,48
4812193425,"Sanger CCD, Denton County, Texas",21678.0,20588.0,1090.0,121,93425,48
4812191970,"Justin-Roanoke CCD, Denton County, Texas",63111.0,58412.0,4699.0,121,91970,48
4812193035,"Pilot Point-Aubrey CCD, Denton County, Texas",112184.0,97205.0,14979.0,121,93035,48
4817791565,"Gonzales CCD, Gonzales County, Texas",9553.0,8497.0,1056.0,177,91565,48
4817793595,"Smiley CCD, Gonzales County, Texas",1018.0,952.0,66.0,177,93595,48
4817794060,"Waelder CCD, Gonzales County, Texas",1942.0,1412.0,530.0,177,94060,48
4817191725,"Harper CCD, Gillespie County, Texas",4478.0,4083.0,395.0,171,91725,48
4817191395,"Fredericksburg CCD, Gillespie County, Texas",17518.0,15897.0,1621.0,171,91395,48
4817792760,"Nixon CCD, Gonzales County, Texas",4049.0,3286.0,763.0,177,92760,48
4823994005,"Vanderbilt CCD, Jackson County, Texas",1640.0,1590.0,50.0,239,94005,48
4823991175,"Edna-Cordele CCD, Jackson County, Texas",7626.0,7211.0,415.0,239,91175,48
4823991450,"Ganado CCD, Jackson County, Texas",3004.0,2610.0,394.0,239,91450,48
4826592015,"Kerrville CCD, Kerr County, Texas",35196.0,33136.0,2060.0,265,92015,48
4830592880,"O'Donnell CCD, Lynn County, Texas",1213.0,1071.0,142.0,305,92880,48
4830593820,"Tahoka CCD, Lynn County, Texas",3806.0,3650.0,156.0,305,93820,48
4830594230,"Wilson CCD, Lynn County, Texas",766.0,678.0,88.0,305,94230,48
4831193920,"Tilden CCD, McMullen County, Texas",600.0,576.0,24.0,311,93920,48
4850392895,"Olney CCD, Young County, Texas",3585.0,3442.0,143.0,503,92895,48
4850391600,"Graham CCD, Young County, Texas",12658.0,11911.0,747.0,503,91600,48
4850391935,"Jean-Loving CCD, Young County, Texas",625.0,618.0,7.0,503,91935,48
4850392735,"Newcastle CCD, Young County, Texas",1298.0,1266.0,32.0,503,92735,48
4850594310,"Zapata CCD, Zapata County, Texas",13720.0,9808.0,3912.0,505,94310,48
4850593455,"San Ygnacio CCD, Zapata County, Texas",695.0,677.0,18.0,505,93455,48
4825191540,"Godley CCD, Johnson County, Texas",3908.0,3835.0,73.0,251,91540,48
4825190535,"Burleson-Joshua CCD, Johnson County, Texas",60431.0,58297.0,2134.0,251,90535,48
4825190750,"Cleburne CCD, Johnson County, Texas",46485.0,42623.0,3862.0,251,90750,48
4825190050,"Alvarado CCD, Johnson County, Texas",42831.0,40402.0,2429.0,251,90050,48
4825191625,"Grandview CCD, Johnson County, Texas",6518.0,6423.0,95.0,251,91625,48
4822191610,"Granbury West CCD, Hood County, Texas",9192.0,9122.0,70.0,221,91610,48
4822191605,"Granbury East CCD, Hood County, Texas",46226.0,44808.0,1418.0,221,91605,48
4822393790,"Sulphur Springs CCD, Hopkins County, Texas",20440.0,18792.0,1648.0,223,93790,48
4822393030,"Pickton-Pine Forest CCD, Hopkins County, Texas",4847.0,4228.0,619.0,223,93030,48
4822390930,"Cumby CCD, Hopkins County, Texas",4309.0,4127.0,182.0,223,90930,48
4822392815,"North Hopkins-Sulphur Bluff CCD, Hopkins County, Texas",3083.0,2919.0,164.0,223,92815,48
4822393522,"Seymore CCD, Hopkins County, Texas",3250.0,2974.0,276.0,223,93522,48
4835590855,"Corpus Christi West CCD, Nueces County, Texas",13617.0,13264.0,353.0,355,90855,48
4835793010,"Perryton West CCD, Ochiltree County, Texas",563.0,527.0,36.0,357,93010,48
4835793005,"Perryton East CCD, Ochiltree County, Texas",9921.0,7919.0,2002.0,357,93005,48
4826991670,"Guthrie CCD, King County, Texas",289.0,247.0,42.0,269,91670,48
4835591080,"Driscoll CCD, Nueces County, Texas",2340.0,2199.0,141.0,355,91080,48
4808991095,"Eagle Lake CCD, Colorado County, Texas",4956.0,4290.0,666.0,089,91095,48
4808991470,"Garwood CCD, Colorado County, Texas",1995.0,1763.0,232.0,089,91470,48
4808994120,"Weimar CCD, Colorado County, Texas",5178.0,4912.0,266.0,089,94120,48
4808990800,"Columbus CCD, Colorado County, Texas",8784.0,8001.0,783.0,089,90800,48
4840992470,"Mathis CCD, San Patricio County, Texas",8358.0,8127.0,231.0,409,92470,48
4840993815,"Taft CCD, San Patricio County, Texas",4723.0,4539.0,184.0,409,93815,48
4840993580,"Sinton-Odem CCD, San Patricio County, Texas",14461.0,13890.0,571.0,409,93580,48
4840990125,"Aransas Pass-Ingleside CCD, San Patricio County, Texas",19976.0,18067.0,1909.0,409,90125,48
4837993075,"Point CCD, Rains County, Texas",5086.0,4838.0,248.0,379,93075,48
4837991235,"Emory CCD, Rains County, Texas",6160.0,6010.0,150.0,379,91235,48
4838190625,"Canyon CCD, Randall County, Texas",17472.0,16726.0,746.0,381,90625,48
4838190070,"Amarillo CCD, Randall County, Texas",113080.0,107294.0,5786.0,381,90070,48
4838590600,"Camp Wood-Leakey CCD, Real County, Texas",3358.0,3222.0,136.0,385,90600,48
4841391190,"Eldorado West CCD, Schleicher County, Texas",1378.0,1296.0,82.0,413,91190,48
4841391185,"Eldorado East CCD, Schleicher County, Texas",1744.0,1361.0,383.0,413,91185,48
4843193745,"Sterling City CCD, Sterling County, Texas",1139.0,1062.0,77.0,431,93745,48
4850790215,"Batesville CCD, Zavala County, Texas",1174.0,1163.0,11.0,507,90215,48
4850790920,"Crystal City CCD, Zavala County, Texas",9266.0,8554.0,712.0,507,90920,48
4850792140,"La Pryor CCD, Zavala County, Texas",1712.0,1546.0,166.0,507,92140,48
4805793480,"Seadrift CCD, Calhoun County, Texas",3847.0,3644.0,203.0,057,93480,48
4805793085,"Point Comfort CCD, Calhoun County, Texas",1529.0,1466.0,63.0,057,93085,48
4805793105,"Port Lavaca CCD, Calhoun County, Texas",14446.0,12430.0,2016.0,057,93105,48
4827592045,"Knox City CCD, Knox County, Texas",1375.0,1259.0,116.0,275,92045,48
4827592695,"Munday CCD, Knox County, Texas",1532.0,1367.0,165.0,275,92695,48
4827590265,"Benjamin CCD, Knox County, Texas",385.0,374.0,11.0,275,90265,48
4827591585,"Goree CCD, Knox County, Texas",461.0,428.0,33.0,275,91585,48
4830992355,"McGregor CCD, McLennan County, Texas",9085.0,8219.0,866.0,309,92355,48
4830990175,"Axtell CCD, McLennan County, Texas",4124.0,3936.0,188.0,309,90175,48
4830990715,"China Spring CCD, McLennan County, Texas",5409.0,5294.0,115.0,309,90715,48
4830991210,"Elm Mott CCD, McLennan County, Texas",5966.0,5718.0,248.0,309,91210,48
4830990895,"Crawford CCD, McLennan County, Texas",5073.0,4933.0,140.0,309,90895,48
4830992435,"Mart CCD, McLennan County, Texas",5861.0,5759.0,102.0,309,92435,48
4830994140,"West CCD, McLennan County, Texas",7398.0,7189.0,209.0,309,94140,48
4830994055,"Waco CCD, McLennan County, Texas",190032.0,170616.0,19416.0,309,94055,48
4807390045,"Alto CCD, Cherokee County, Texas",3286.0,3085.0,201.0,073,90045,48
4807392745,"New Summerfield CCD, Cherokee County, Texas",4525.0,3800.0,725.0,073,92745,48
4807392670,"Mount Selman CCD, Cherokee County, Texas",6600.0,6237.0,363.0,073,92670,48
4807393370,"Rusk CCD, Cherokee County, Texas",12235.0,11526.0,709.0,073,93370,48
4807394135,"Wells CCD, Cherokee County, Texas",1923.0,1883.0,40.0,073,94135,48
4807391910,"Jacksonville CCD, Cherokee County, Texas",23025.0,20285.0,2740.0,073,91910,48
4809591160,"Eden-Millersview CCD, Concho County, Texas",2884.0,1675.0,1209.0,095,91160,48
4809591255,"Eola-Paint Rock CCD, Concho County, Texas",974.0,949.0,25.0,095,91255,48
4811992985,"Pecan Gap CCD, Delta County, Texas",1341.0,1328.0,13.0,119,92985,48
4811990840,"Cooper CCD, Delta County, Texas",3831.0,3766.0,65.0,119,90840,48
4813793305,"Rocksprings South CCD, Edwards County, Texas",444.0,444.0,0.0,137,93305,48
4813793300,"Rocksprings North CCD, Edwards County, Texas",1667.0,1490.0,177.0,137,93300,48
4813391590,"Gorman CCD, Eastland County, Texas",2226.0,1998.0,228.0,133,91590,48
4813393190,"Ranger CCD, Eastland County, Texas",3629.0,3547.0,82.0,133,93190,48
4813393250,"Rising Star CCD, Eastland County, Texas",2292.0,2168.0,124.0,133,93250,48
4813391135,"Eastland CCD, Eastland County, Texas",5288.0,5024.0,264.0,133,91135,48
4813390725,"Cisco CCD, Eastland County, Texas",4843.0,4829.0,14.0,133,90725,48
4825393720,"Stamford CCD, Jones County, Texas",3265.0,3254.0,11.0,253,93720,48
4825391745,"Hawley-Noodle CCD, Jones County, Texas",11268.0,10812.0,456.0,253,91745,48
4825390110,"Anson CCD, Jones County, Texas",2719.0,2600.0,119.0,253,90110,48
4806594195,"White Deer-Groom CCD, Carson County, Texas",2368.0,2326.0,42.0,065,94195,48
4806592965,"Panhandle CCD, Carson County, Texas",3665.0,3580.0,85.0,065,92965,48
4815593890,"Thalia CCD, Foard County, Texas",266.0,266.0,0.0,155,93890,48
4815590915,"Crowell CCD, Foard County, Texas",1148.0,1080.0,68.0,155,90915,48
4816193850,"Teague CCD, Freestone County, Texas",8148.0,7570.0,578.0,161,93850,48
4816190555,"Butler CCD, Freestone County, Texas",1701.0,1568.0,133.0,161,90555,48
4816194290,"Wortham CCD, Freestone County, Texas",2346.0,2271.0,75.0,161,94290,48
4816191275,"Fairfield CCD, Freestone County, Texas",7451.0,6915.0,536.0,161,91275,48
4817594115,"Weesatche-Ander CCD, Goliad County, Texas",2018.0,2005.0,13.0,175,94115,48
4817591560,"Goliad South CCD, Goliad County, Texas",932.0,906.0,26.0,175,91560,48
4817591555,"Goliad North CCD, Goliad County, Texas",4560.0,4434.0,126.0,175,91555,48
4833590795,"Colorado City CCD, Mitchell County, Texas",7297.0,6827.0,470.0,335,90795,48
4833592285,"Loraine CCD, Mitchell County, Texas",782.0,772.0,10.0,335,92285,48
4833594155,"Westbrook CCD, Mitchell County, Texas",695.0,687.0,8.0,335,94155,48
4844992665,"Mount Pleasant CCD, Titus County, Texas",22693.0,17432.0,5261.0,449,92665,48
4844993825,"Talco CCD, Titus County, Texas",1892.0,1741.0,151.0,449,93825,48
4844994235,"Winfield CCD, Titus County, Texas",2430.0,2027.0,403.0,449,94235,48
4844990830,"Cookville CCD, Titus County, Texas",5649.0,5187.0,462.0,449,90830,48
4804593575,"Silverton CCD, Briscoe County, Texas",965.0,906.0,59.0,045,93575,48
4804593175,"Quitaque CCD, Briscoe County, Texas",626.0,556.0,70.0,045,93175,48
4828592655,"Moulton CCD, Lavaca County, Texas",2603.0,2474.0,129.0,285,92655,48
4828593560,"Shiner CCD, Lavaca County, Texas",3359.0,3324.0,35.0,285,93560,48
4828594300,"Yoakum CCD, Lavaca County, Texas",6455.0,5800.0,655.0,285,94300,48
4828591680,"Hallettsville CCD, Lavaca County, Texas",7442.0,7262.0,180.0,285,91680,48
4829192195,"Liberty-Dayton CCD, Liberty County, Texas",44382.0,41113.0,3269.0,291,92195,48
4829190945,"Daisetta CCD, Liberty County, Texas",3118.0,3010.0,108.0,291,90945,48
4825392320,"Lueders CCD, Jones County, Texas",651.0,651.0,0.0,253,92320,48
4825391695,"Hamlin CCD, Jones County, Texas",2066.0,2020.0,46.0,253,91695,48
4824393985,"Valentine CCD, Jeff Davis County, Texas",116.0,101.0,15.0,243,93985,48
4824391355,"Fort Davis CCD, Jeff Davis County, Texas",2120.0,1635.0,485.0,243,91355,48
4824793660,"South Jim Hogg CCD, Jim Hogg County, Texas",29.0,29.0,0.0,247,93660,48
4824792820,"North Jim Hogg CCD, Jim Hogg County, Texas",5233.0,4934.0,299.0,247,92820,48
4824992910,"Orange Grove-Sandia CCD, Jim Wells County, Texas",8991.0,8736.0,255.0,249,92910,48
4824993140,"Premont CCD, Jim Wells County, Texas",3318.0,2950.0,368.0,249,93140,48
4824990035,"Alice CCD, Jim Wells County, Texas",29009.0,27300.0,1709.0,249,90035,48
4833994220,"Willis CCD, Montgomery County, Texas",37845.0,34333.0,3512.0,339,94220,48
4833993655,"Southeast Montgomery CCD, Montgomery County, Texas",376284.0,319441.0,56843.0,339,93655,48
4833992375,"Magnolia CCD, Montgomery County, Texas",59570.0,54068.0,5502.0,339,92375,48
4833992625,"Montgomery CCD, Montgomery County, Texas",61488.0,57620.0,3868.0,339,92625,48
4811193885,"Texline CCD, Dallam County, Texas",649.0,554.0,95.0,111,93885,48
4811190955,"Dalhart CCD, Dallam County, Texas",6558.0,5045.0,1513.0,111,90955,48
4812790310,"Big Wells CCD, Dimmit County, Texas",885.0,845.0,40.0,127,90310,48
4812790635,"Carrizo Springs CCD, Dimmit County, Texas",8603.0,8011.0,592.0,127,90635,48
4812790140,"Asherton CCD, Dimmit County, Texas",1334.0,1267.0,67.0,127,90140,48
4847992145,"Laredo CCD, Webb County, Texas",158658.0,114339.0,44319.0,479,92145,48
4815792915,"Orchard-Kendleton CCD, Fort Bend County, Texas",3471.0,3031.0,440.0,157,92915,48
4815793715,"Stafford-Missouri City CCD, Fort Bend County, Texas",152973.0,122527.0,30446.0,157,93715,48
4815793780,"Sugar Land CCD, Fort Bend County, Texas",283986.0,183691.0,100295.0,157,93780,48
4815792715,"Needville CCD, Fort Bend County, Texas",13178.0,11907.0,1271.0,157,92715,48
4815793337,"Rosenberg-Richmond CCD, Fort Bend County, Texas",100264.0,80686.0,19578.0,157,93337,48
4815791415,"Fulshear-Simonton CCD, Fort Bend County, Texas",157549.0,112886.0,44663.0,157,91415,48
4829190755,"Cleveland CCD, Liberty County, Texas",27401.0,24908.0,2493.0,291,90755,48
4801190740,"Claude North CCD, Armstrong County, Texas",516.0,493.0,23.0,011,90740,48
4801190745,"Claude South CCD, Armstrong County, Texas",1413.0,1397.0,16.0,011,90745,48
4829191705,"Hardin-Rye CCD, Liberty County, Texas",4983.0,4855.0,128.0,291,91705,48
4844592495,"Meadow CCD, Terry County, Texas",1132.0,1011.0,121.0,445,92495,48
4844590470,"Brownfield CCD, Terry County, Texas",11623.0,10639.0,984.0,445,90470,48
4826590675,"Center Point CCD, Kerr County, Texas",4197.0,3551.0,646.0,265,90675,48
4826591875,"Ingram CCD, Kerr County, Texas",11368.0,10525.0,843.0,265,91875,48
4833190540,"Burlington CCD, Milam County, Texas",1506.0,1450.0,56.0,331,90540,48
4833193895,"Thorndale CCD, Milam County, Texas",2907.0,2820.0,87.0,331,93895,48
4833191485,"Gause-Milano CCD, Milam County, Texas",2469.0,2402.0,67.0,331,91485,48
4833190590,"Cameron CCD, Milam County, Texas",6521.0,6290.0,231.0,331,90590,48
4833190960,"Davilla CCD, Milam County, Texas",1626.0,1626.0,0.0,331,90960,48
4833190505,"Buckholts CCD, Milam County, Texas",908.0,782.0,126.0,331,90505,48
4833193290,"Rockdale CCD, Milam County, Texas",8542.0,8111.0,431.0,331,93290,48
4809390985,"De Leon CCD, Comanche County, Texas",3952.0,3800.0,152.0,093,90985,48
4809390810,"Comanche CCD, Comanche County, Texas",7407.0,6825.0,582.0,093,90810,48
4809391665,"Gustine CCD, Comanche County, Texas",2133.0,1735.0,398.0,093,91665,48
4814593210,"Reagan CCD, Falls County, Texas",597.0,583.0,14.0,145,93210,48
4814592425,"Marlin CCD, Falls County, Texas",8031.0,7475.0,556.0,145,92425,48
4814593330,"Rosebud CCD, Falls County, Texas",2921.0,2797.0,124.0,145,93330,48
4814593000,"Perry CCD, Falls County, Texas",791.0,729.0,62.0,145,93000,48
4814590710,"Chilton CCD, Falls County, Texas",2636.0,2471.0,165.0,145,90710,48
4814592300,"Lott CCD, Falls County, Texas",2313.0,2240.0,73.0,145,92300,48
4804791245,"Encino CCD, Brooks County, Texas",206.0,164.0,42.0,047,91245,48
4804791280,"Falfurrias CCD, Brooks County, Texas",7045.0,6299.0,746.0,047,91280,48
4801594070,"Wallis CCD, Austin County, Texas",2511.0,2356.0,155.0,015,94070,48
4801593490,"Sealy CCD, Austin County, Texas",13172.0,11295.0,1877.0,015,93490,48
4801590250,"Bellville CCD, Austin County, Texas",10116.0,9182.0,934.0,015,90250,48
4826193465,"Sarita CCD, Kenedy County, Texas",564.0,400.0,164.0,261,93465,48
4835590850,"Corpus Christi CCD, Nueces County, Texas",310093.0,282474.0,27619.0,355,90850,48
4835593270,"Robstown CCD, Nueces County, Texas",12633.0,12093.0,540.0,355,93270,48
4835590315,"Bishop CCD, Nueces County, Texas",6525.0,6002.0,523.0,355,90315,48
4835593095,"Port Aransas CCD, Nueces County, Texas",13276.0,12653.0,623.0,355,93095,48
4811393682,"Southwest Dallas CCD, Dallas County, Texas",981931.0,752896.0,229035.0,113,93682,48
4811392792,"Northeast Dallas CCD, Dallas County, Texas",1570282.0,1187917.0,382365.0,113,92792,48
4828992427,"Marquez CCD, Leon County, Texas",1933.0,1839.0,94.0,289,92427,48
4809993157,"Purmela-Levita CCD, Coryell County, Texas",1550.0,1472.0,78.0,099,93157,48
4842793239,"Rio Grande City CCD, Starr County, Texas",33593.0,24288.0,9305.0,427,93239,48
4806991732,"Hart CCD, Castro County, Texas",2211.0,1729.0,482.0,069,91732,48
4806991059,"Dimmitt CCD, Castro County, Texas",5680.0,4605.0,1075.0,069,91059,48
4818392193,"Liberty City CCD, Gregg County, Texas",8168.0,7383.0,785.0,183,92193,48
4818392093,"Lakeport CCD, Gregg County, Texas",5132.0,4846.0,286.0,183,92093,48
4803990094,"Angleton CCD, Brazoria County, Texas",47930.0,43523.0,4407.0,039,90094,48
4835994018,"Vega CCD, Oldham County, Texas",1920.0,1886.0,34.0,359,94018,48
4841193439,"San Saba CCD, San Saba County, Texas",4437.0,3891.0,546.0,411,93439,48
4841193231,"Richland Springs CCD, San Saba County, Texas",1414.0,1262.0,152.0,411,93231,48
4840993103,"Portland-Gregory CCD, San Patricio County, Texas",19349.0,18075.0,1274.0,409,93103,48
4847393137,"Prairie View-Waller CCD, Waller County, Texas",23717.0,20821.0,2896.0,473,93137,48
4820590956,"Dalhart CCD, Hartley County, Texas",5196.0,4649.0,547.0,205,90956,48
4802993412,"San Antonio Northwest CCD, Bexar County, Texas",312607.0,270793.0,41814.0,029,93412,48
4802993407,"San Antonio Central CCD, Bexar County, Texas",709341.0,601268.0,108073.0,029,93407,48
4802993414,"San Antonio West CCD, Bexar County, Texas",196923.0,177213.0,19710.0,029,93414,48
4802993413,"San Antonio South CCD, Bexar County, Texas",39972.0,35484.0,4488.0,029,93413,48
4802993411,"San Antonio Northeast CCD, Bexar County, Texas",253171.0,225473.0,27698.0,029,93411,48
4802993409,"San Antonio North CCD, Bexar County, Texas",346648.0,302519.0,44129.0,029,93409,48
4802993408,"San Antonio East CCD, Bexar County, Texas",33342.0,30746.0,2596.0,029,93408,48
4816993108,"Post East CCD, Garza County, Texas",4200.0,2048.0,2152.0,169,93108,48
4816993118,"Post West CCD, Garza County, Texas",2539.0,2454.0,85.0,169,93118,48
4817193757,"Stonewall CCD, Gillespie County, Texas",3943.0,3526.0,417.0,171,93757,48
4812193892,"The Colony CCD, Denton County, Texas",87751.0,73843.0,13908.0,121,93892,48
4812192186,"Lewisville-Flower Mound CCD, Denton County, Texas",260333.0,220969.0,39364.0,121,92186,48
4812190637,"Carrollton CCD, Denton County, Texas",129144.0,99906.0,29238.0,121,90637,48
4837392226,"Livingston-Onalaska CCD, Polk County, Texas",41227.0,38635.0,2592.0,373,92226,48
4819992332,"Lumberton CCD, Hardin County, Texas",16688.0,16505.0,183.0,199,92332,48
4817790868,"Cost-Wrightsboro CCD, Gonzales County, Texas",1519.0,1320.0,199.0,177,90868,48
4817791733,"Harwood-Ottine CCD, Gonzales County, Texas",2477.0,2345.0,132.0,177,91733,48
4818792793,"Northeast Guadalupe CCD, Guadalupe County, Texas",9892.0,8956.0,936.0,187,92793,48
4801591873,"Industry CCD, Austin County, Texas",3493.0,3357.0,136.0,015,91873,48
4848191112,"East Bernard CCD, Wharton County, Texas",5774.0,5566.0,208.0,481,91112,48
4848190368,"Boling-Newgulf CCD, Wharton County, Texas",4564.0,4041.0,523.0,481,90368,48
4840193148,"Price-Turnertown CCD, Rusk County, Texas",2374.0,1960.0,414.0,401,93148,48
4814391087,"Duffau-Clairette CCD, Erath County, Texas",2016.0,1754.0,262.0,143,91087,48
4830992631,"Moody-Lorena CCD, McLennan County, Texas",12772.0,12322.0,450.0,309,92631,48
4805791975,"Kamey-Sixmile CCD, Calhoun County, Texas",1999.0,1925.0,74.0,057,91975,48
4831592092,"Lake O' the Pines CCD, Marion County, Texas",5179.0,5149.0,30.0,315,92092,48
4831591937,"Jefferson CCD, Marion County, Texas",4961.0,4871.0,90.0,315,91937,48
4849190657,"Cedar Park-Liberty Hill CCD, Williamson County, Texas",130843.0,116330.0,14513.0,491,90657,48
4849193343,"Round Rock-Georgetown CCD, Williamson County, Texas",279971.0,243642.0,36329.0,491,93343,48
4821392150,"LaRue-Poynor CCD, Henderson County, Texas",7024.0,6946.0,78.0,213,92150,48
4821390687,"Chandler-Brownsboro CCD, Henderson County, Texas",12153.0,11571.0,582.0,213,90687,48
4824592070,"LaBelle CCD, Jefferson County, Texas",11850.0,10728.0,1122.0,245,92070,48
4834592454,"Matador CCD, Motley County, Texas",1038.0,1038.0,0.0,345,92454,48
4834592822,"North Motley CCD, Motley County, Texas",76.0,76.0,0.0,345,92822,48
4842193759,"Stratford CCD, Sherman County, Texas",2309.0,1809.0,500.0,421,93759,48
4842193883,"Texhoma CCD, Sherman County, Texas",758.0,680.0,78.0,421,93883,48
4848992155,"Lasara CCD, Willacy County, Texas",1445.0,1223.0,222.0,489,92155,48
4809190627,"Canyon Lake CCD, Comal County, Texas",50288.0,47962.0,2326.0,091,90627,48
4817992172,"Lefors CCD, Gray County, Texas",2422.0,2340.0,82.0,179,92172,48
4813594173,"West Odessa-Goldsmith CCD, Ector County, Texas",29119.0,24207.0,4912.0,135,94173,48
4847992146,"Laredo North-Webb CCD, Webb County, Texas",37645.0,29206.0,8439.0,479,92146,48
4847992147,"Laredo South-El Cenizo CCD, Webb County, Texas",73321.0,54120.0,19201.0,479,92147,48
4803792476,"Maud-Redwater CCD, Bowie County, Texas",10022.0,9843.0,179.0,037,92476,48
4841591339,"Fluvanna-Ira CCD, Scurry County, Texas",1402.0,1382.0,20.0,415,91339,48
4835990017,"Adrian CCD, Oldham County, Texas",163.0,156.0,7.0,359,90017,48
4807592777,"North Childress CCD, Childress County, Texas",48.0,48.0,0.0,075,92777,48
4845393688,"Southwest Travis CCD, Travis County, Texas",63627.0,56973.0,6654.0,453,93688,48
4845392857,"Northwest Travis CCD, Travis County, Texas",110631.0,94341.0,16290.0,453,92857,48
4845392807,"Northeast Travis CCD, Travis County, Texas",128305.0,102111.0,26194.0,453,92807,48
4832992566,"Midland South CCD, Midland County, Texas",20122.0,17800.0,2322.0,329,92566,48
4818793643,"Southeast Guadalupe CCD, Guadalupe County, Texas",3898.0,3681.0,217.0,187,93643,48
4818793687,"Southwest Guadalupe CCD, Guadalupe County, Texas",9046.0,8670.0,376.0,187,93687,48
4824593097,"Port Arthur CCD, Jefferson County, Texas",113276.0,97087.0,16189.0,245,93097,48
4836793701,"Springtown-Reno CCD, Parker County, Texas",40487.0,38532.0,1955.0,367,93701,48
4819391800,"Hico CCD, Hamilton County, Texas",2942.0,2741.0,201.0,193,91800,48
4819391690,"Hamilton CCD, Hamilton County, Texas",5278.0,5157.0,121.0,193,91690,48
4819791580,"Goodlett CCD, Hardeman County, Texas",105.0,105.0,0.0,197,91580,48
4819790705,"Chillicothe CCD, Hardeman County, Texas",1054.0,843.0,211.0,197,90705,48
4819793160,"Quanah CCD, Hardeman County, Texas",2831.0,2766.0,65.0,197,93160,48
4849790060,"Alvord CCD, Wise County, Texas",2825.0,2778.0,47.0,497,90060,48
4849790445,"Bridgeport CCD, Wise County, Texas",22774.0,20795.0,1979.0,497,90445,48
4849790975,"Decatur CCD, Wise County, Texas",16341.0,15258.0,1083.0,497,90975,48
4849790395,"Boyd-Rhome CCD, Wise County, Texas",21307.0,19677.0,1630.0,497,90395,48
4823592540,"Mertzon North CCD, Irion County, Texas",180.0,180.0,0.0,235,92540,48
4823592545,"Mertzon South CCD, Irion County, Texas",1412.0,1345.0,67.0,235,92545,48
4827393260,"Riviera CCD, Kleberg County, Texas",2043.0,1927.0,116.0,273,93260,48
4827392035,"Kingsville CCD, Kleberg County, Texas",29497.0,27870.0,1627.0,273,92035,48
4848993435,"San Perlita CCD, Willacy County, Texas",935.0,781.0,154.0,489,93435,48
4848993495,"Sebastian CCD, Willacy County, Texas",2403.0,1887.0,516.0,489,93495,48
4848992335,"Lyford CCD, Willacy County, Texas",3369.0,2818.0,551.0,489,92335,48
4800191390,"Frankston CCD, Anderson County, Texas",5067.0,4854.0,213.0,001,91390,48
4800192615,"Montalba-Tennessee Colony CCD, Anderson County, Texas",15712.0,14852.0,860.0,001,92615,48
4800192945,"Palestine CCD, Anderson County, Texas",29101.0,26526.0,2575.0,001,92945,48
4813991250,"Ennis CCD, Ellis County, Texas",27473.0,23365.0,4108.0,139,91250,48
4813991310,"Ferris CCD, Ellis County, Texas",14579.0,12774.0,1805.0,139,91310,48
4813992490,"Maypearl CCD, Ellis County, Texas",6716.0,6426.0,290.0,139,92490,48
4813994090,"Waxahachie CCD, Ellis County, Texas",86508.0,80319.0,6189.0,139,94090,48
4813992570,"Midlothian CCD, Ellis County, Texas",24828.0,23559.0,1269.0,139,92570,48
4813991895,"Italy CCD, Ellis County, Texas",3988.0,3728.0,260.0,139,91895,48
4823992165,"La Ward-Lolita CCD, Jackson County, Texas",2486.0,2295.0,191.0,239,92165,48
4847790435,"Brenham CCD, Washington County, Texas",22353.0,20088.0,2265.0,477,90435,48
4847791490,"Gay Hill-Independence CCD, Washington County, Texas",3361.0,3143.0,218.0,477,91490,48
4847794080,"Washington-Chappell Hill CCD, Washington County, Texas",4839.0,4445.0,394.0,477,94080,48
4847790550,"Burton CCD, Washington County, Texas",4114.0,3784.0,330.0,477,90550,48
4834392705,"Naples CCD, Morris County, Texas",4541.0,4528.0,13.0,343,92705,48
4834390940,"Daingerfield CCD, Morris County, Texas",7989.0,7547.0,442.0,343,90940,48
4836190440,"Bridge City-Orangefield CCD, Orange County, Texas",16308.0,15798.0,510.0,361,90440,48
4836192905,"Orange CCD, Orange County, Texas",28336.0,27104.0,1232.0,361,92905,48
4836192480,"Mauriceville CCD, Orange County, Texas",10672.0,10561.0,111.0,361,92480,48
4836194050,"Vidor CCD, Orange County, Texas",28593.0,28083.0,510.0,361,94050,48
4842990420,"Breckenridge North CCD, Stephens County, Texas",8207.0,7555.0,652.0,429,90420,48
4842990425,"Breckenridge South CCD, Stephens County, Texas",1158.0,1151.0,7.0,429,90425,48
4849592010,"Kermit CCD, Winkler County, Texas",6869.0,5806.0,1063.0,495,92010,48
4849594240,"Wink CCD, Winkler County, Texas",908.0,865.0,43.0,495,94240,48
4820191835,"Houston CCD, Harris County, Texas",3368061.0,2403055.0,965006.0,201,91835,48
4820193645,"Southeast Harris CCD, Harris County, Texas",94879.0,86789.0,8090.0,201,93645,48
4820190225,"Baytown CCD, Harris County, Texas",77068.0,62425.0,14643.0,201,90225,48
4820192795,"Northeast Harris CCD, Harris County, Texas",66245.0,58362.0,7883.0,201,92795,48
4820192975,"Pasadena CCD, Harris County, Texas",147060.0,108107.0,38953.0,201,92975,48
4820192845,"Northwest Harris CCD, Harris County, Texas",772206.0,631902.0,140304.0,201,92845,48
4800390085,"Andrews North CCD, Andrews County, Texas",14494.0,12415.0,2079.0,003,90085,48
4800390090,"Andrews South CCD, Andrews County, Texas",3083.0,2818.0,265.0,003,90090,48
4805392395,"Marble Falls CCD, Burnet County, Texas",23249.0,21448.0,1801.0,053,92395,48
4805390275,"Bertram CCD, Burnet County, Texas",4619.0,4415.0,204.0,053,90275,48
4805390450,"Briggs CCD, Burnet County, Texas",2086.0,1982.0,104.0,053,90450,48
4805390545,"Burnet CCD, Burnet County, Texas",15063.0,14402.0,661.0,053,90545,48
